Designator,Quantity,Value,Footprint,Package,MPN,DNP,Mount_Type,MFR,ALTIUM_VALUE,SUPPLIER 1,SUPPLIER PART NUMBER 1,PACKAGEDESCRIPTION,SBI,CLASSNAME,LENGTH,MAX OPERATING TEMPERATURE,WIDTH,RATINGS,VOLTAGE RATING,DIELECTRIC,MIN OPERATING TEMPERATURE,CASE CODE (IMPERIAL),CAPACITANCE,CASE CODE (METRIC),THICKNESS,TOLERANCE,MOUNT,CASE/PACKAGE,PACKAGING,VOLTAGE RATING (DC),MANUFACTURE 1,SUPPLIER 2,SUPPLIER PART NUMBER 2,MFR2,MPN2,PARAMETER 1,ALTIUM_UNNAMED_1,Description,COMPONENTLINK1URL,MANUFACTURER,PARTNUMBER,NOTE,DESIGN ITEM ID,ALTIUM_UNNAMED_2,COMPONENTNNPS_PN,Note,MANUFACTURERPN
"BAT1, BAT2, BAT3",3,BAT 200mAH 4.1V,QL0200I-A,,QL0200I-A,,tht,Quallion,200mAH 4.1V,Quallion,QL0200I-A,,,,,,,,,,,,,,,,,,,,,,,,,,,,,,,,,,,,
"C1, C10, C100, C101, C102, C11, C12, C14, C15, C16, C18, C19, C20, C24, C26, C28, C3, C33, C34, C35, C37, C4, C59, C6, C63, C64, C65, C67, C68, C7, C72, C73, C74, C75, C76, C80, C81, C82, C83, C84, C85, C86, C88, C89, C9, C90, C93, C94, C95, C96, C97, C98, C99",53,C_100n_X7R_16_0402_10%,CAP_0402,,GRM155R71C104KA88D,,smt,Murata,0.1uF,Digi-Key,490-3261-2-ND,CAP_0402,53-0040-1,,,,,,,,,,,,,,,,,,,,,,,,,,,,,,,,,,
"C13, C17",2,C_4u7_X5R_25_0805_10%,CAP_0805,,GRM21BR61E475KA12L,,tht,Murata Electronics North America,4.7uF,Digi-Key,490-3261-6-ND,CAP_0805,53-0077,,,,,,,,,,,,,,,,,,,,,,,,,,,,,,,,,,
"C2, C21, C22, C5, C62, C71, C79",7,C_1n_C0G_50_0402_5%,CAP_0402,,GRM1555C1H102JA01D,,smt,Murata,1000pF,Digi-Key,490-3244-1-ND,CAP_0402,53-0041-2,THMREF,,,,,,,,,,,,,,,,,,,,,,,,,,,,,,,,,
"C23, C66",2,C_1u_X5R_6V3_0402_20%,CAP_0402,,GRM152R60J105ME15D,,smt,Murata Electronics North America,1.0uF,Digi-Key,490-10006-6-ND,CAP_0402,53-0078,,,,,,,,,,,,,,,,,,,,,,,,,,,,,,,,,,
C25,1,C_DNP_1210,CAP_1210,,DO NOT POPULATE,,tht,DO NOT POPULATE,,DO NOT POPULATE,DO NOT POPULATE,1210,,,0.126inch,85°C,0.063inch,AEC-Q200,50V,X5R,-55°C,1206,10uF,3216,0.071inch,10%,Surface Mount,CAP_1206,Cut Tape,50V,Murata Electronics,,,,,,,,,,,,,,,,
C27,1,C_220p_C0G_50_0402_5%,CAP_0402,,GRM1555C1H221JA01,,smt,Murata Electronics North America,220pF,Digi-Key,490-1293-6-ND,CAP_0402,53-0041-4,,,,,,,,,,,,,,,,,,,Digi-Key,399-7776-6-ND,Kemet,C0402C221J5GACTU,,,,,,,,,,,,
C29,1,C_1p_C0G_50_0402_5%,CAP_0402,,GRM1555C1H1R0CA01D,,smt,Murata Electronics North America,1.0pF,Digi-Key,490-3199-6-ND,CAP_0402,53-0092,,,,,,,,,,,,,,,,,,,,,,,,,,,,,,,,,,
C30,1,C_5p6_C0G_50_0402_10%,CAP_0402,,GRM1555C1H5R6DA01D,,smt,Murata Electronics North America,5.6pF,Digi-Key,490-5946-6-ND,CAP_0402,53-0044-1,,,,,,,,,,,,,,,,,,,,,,,,,,,,,,,,,,
C31,1,8.2pF_C0G_50_0402_5%,CAP_0402,,C0402C829J5GACTU,,smt,KEMET,8.2pF,Digi-Key,399-10038-6-ND,CAP_0402,53-0041-5,,,,,,,,,,,,,,,,,,,,,,,,,,,,,,,,,,
C32,1,C_3p9_C0G_50_0402_10%,CAP_0402,,GRM1555C1H3R9CA01D,,smt,Murata Electronics North America,3.9pF,Digi-Key,490-5940-6-ND,CAP_0402,53-0044-2,,,,,,,,,,,,,,,,,,,,,,,,,,,,,,,,,,
C36,1,C_68p_C0G_50_0402_5%,CAP_0402,,GRM1555C1H680JA01D,,smt,Murata Electronics North America,68pF,Digi-Key,490-5876-6-ND,CAP_0402,53-00041-1,,,,,,,,,,,,,,,,,,,,,,,,,,,,,,,,,,
"C38, C39",2,C_15p_C0G_50_0402_5%,CAP_0402,,GRM1555C1H150JA01D,,smt,Murata Electronics North America,15pF,Digi-Key,490-5888-6-ND,CAP_0402,53-0041-6,,,,,,,,,,,,,,,,,,,,,,,,,,,,,,,,,,
"C40, C41, C42, C56",4,10uF,CAP_1210,,,,tht,,,,,,,,0.126inch,85°C,0.063inch,AEC-Q200,50V,X5R,-55°C,1206,10uF,3216,0.071inch,10%,Surface Mount,CAP_1206,Cut Tape,50V,Murata Electronics,,,,,,,,,,,,,,,,
C43,1,C_150n_X7R_16_0603_10%,CAP_0603,,GRM188R71C154KA01D,,tht,Murata Electronics North America,0.15uF,Digi-Key,490-3292-1-ND,CAP_0603,53-0070,,,,,,,,,,,,,,,,,,,,,,,,,,,,,,,,,,
C44,1,C_100u_X5R_10_1210_20%,CAP_1210,,GRM32ER61A107ME20L,,tht,Murata Electronics North America,100uF,Digi-Key,490-9969-6-ND,CAP_1210,53-0080,,0.126inch,85°C,0.063inch,AEC-Q200,50V,X5R,-55°C,1206,10uF,3216,0.071inch,10%,Surface Mount,CAP_1206,Cut Tape,50V,Murata Electronics,,,,,,,,,,,,,,,,
"C45, C57",2,C_10p_C0G_50_0402_5%,CAP_0402,,GRM1555C1H100JA01D,,smt,Murata Electronics North America,10pF,Digi-Key,490-5921-6-ND,CAP_0402,53-0041-7,,,,,,,,,,,,,,,,,,,,,,,,,,,,,,,,,,
"C46, C49, C51, C52, C54, C55, C60, C61, C69, C70, C77, C78, C8",13,C_4u7_X5R_10_0603_10%,CAP_0603,,GRM185R61A475KE11D,,tht,Murata Electronics North America,4.7uF,Digi-Key,490-11988-6-ND,CAP_0603,53-0076,,,,,,,,,,,,,,,,,,,,,,,,,,,,,,,,,,
C47,1,C_10u_X5R_16_0805_10%,CAP_0805,,GRM21BR61C106KE15L,,tht,Murata Electronics North America,10uF,Digi-Key,490-3886-6-ND,CAP_0805,53-0081,,,,,,,,,,,,,,,,,,,,,,,,,,,,,,,,,,
C48,1,C_22u_X5R_6V3_0805_20%,CAP_0805,,GRM21BR60J226ME39L,,tht,Murata Electronics North America,22uF,Digi-Key,490-1719-6-ND,CAP_0805,53-0082,,,,,,,,,,,,,,,,,,,,,Murata Electronics North America,GRM219R60J226ME47D,*,,,,,,,,,,,
C50,1,C_1n5_X7R_50_0402_10%,CAP_0402,,GRM155R71H152KA01D,,smt,Murata Electronics North America,1500pF,Digi-Key,490-3245-6-ND,CAP_0402,53-0083,,,,,,,,,,,,,,,,,,,,,,,,,,,,,,,,,,
C53,1,C_10u_X5R_6V3_0603_20%,CAP_0603,,GRM188R60J106ME47J,,tht,Murata Electronics North America,10uF,Digi-Key,490-6405-6-ND,CAP_0603,53-0039,,,,,,,,,,,,,,,,,,,,,,,,,,,,,,,,,,
C58,1,C_4n7_C0G_50_0402_10%,CAP_0402,,GRM155R71H472KA01D,,smt,Murata Electronics North America,4700pF,Digi-Key,490-1308-6-ND,CAP_0402,53-0072,,,,,,,,,,,,,,,,,,,,,,,,,,,,,,,,,,
"C87, C91",2,C_39p_C0G_50_0402_5%,CAP_0402,,GRM1555C1H390JA01D,,smt,Murata Electronics North America,39pF,Digi-Key,490-5871-6-ND,RES_0402,53-0041-8,,,,,,,,,,,,,,,,,,,,,,,,,,,,,,,,,,
C92,1,C_100n_X7R_50_0603_10%,CAP_0603,,GRM188R71H104KA93D,,tht,Murata Electronics North America,0.1uF,Digi-Key,490-1519-6-ND,CAP_0603,53-0085,,,,,,,,,,,,,,,,,,,,,,,,,,,,,,,,,,
"D1, D2, D3, D4, D6, D7, D9",7,D_40_500m_SOD123,SOD123,,MBR0540-TP,,tht,Micro Commercial Co.,500mA,Digi-Key,MBR0540TPMSCT-ND,SOD123,54-0084,,,,,,,,,,,,,,,,,,,,,,,,,,,,,,,,,,
D10,1,D_20_1_SOD123W,SOD123,,"PMEG2010BER,115",,tht,NXP,PMEG2010BER,Digi-Key,568-6503-1-ND,SOD123W,54-112,,,,,,,,,,,,,,,,,,,,,,,,,,,,,,,,,,
"D5, D8",2,"Zener Diode, 15V, 1W, DI123, RoHS",POWERDI,,DFLZ15-7,,tht,Diodes Inc.,DFLZ15-7,Digi-Key,DFLZ15DICT-ND,PowerDI 123,54-0111,,,,,,,,,,,,,,,,,,,,,Diodes Inc.,DFLZ15Q-7,,,,,,,,,,,,
"F1, F2, F3, F4",4,F_500m_1206,FUSE_1206,,1206L050YR,,tht,Littelfuse,500mA,Digi-Key,F2112CT-ND,F_500m_1206,54-0113,,,,,,,,,,,,,,,,,,,,,,,,,,,,,,,,,,
"FB1, FB2, FB3, FB4, FB5",5,Ferrite 100mA 1ohm,IND_0402,,HZ0402A601R-10,,tht,Laird-Signal Integrity Products,,Digi-Key,240-2364-2-ND,0402,54-0114,,,,,,,,,,,,,,,,,,,,,,0402CS-27NXJLW,,53-0089-2,,,,,,,,,,
"FID11, FID12, FID13, FID14, FID15, FID16",6,Fiducial 1.00mm,FID,,,,smt,,,,,,,,,,,,,,,,,,,,,,,,,,,,,,,Fiducial 1.00mm,,,,,,,,,
H1,1,"0.1""",HEADER36,,,,tht,,,,,Thru-Hole,,,,,,,,,,,,,,,,,,,,,,,,,,,,,,,,,,,
J1,1,Module Connector,LIDTHROUGH_2-Port,,,,tht,,,,,,,,,,,,,,,,,,,,,,,,,,,,,,,Lidthrough Connector - 6 pin,,,,,,,,,
L1,1,Ferrite 250mA 1.1ohm,IND_0402,,BLM15HG102SN1D,,tht,Murata,250mA,Digi-Key,490-3999-1-ND,0402,53-0094,,,,,,,,,,,,,,,,,,,,,,0402CS-27NXJLW,,53-0089-2,,,,,,,,,,
L2,1,"47nF, 0402, 5%, RoHS",IND_0402,,0402CS-47NXJLU,,tht,Coilcraft,47nH,MOUSER,994-0402CS-47NXJLU,IND_0402,53-0089-4,,,,,,,,,,,,,,,,,,,,,,0402CS-27NXJLW,,53-0089-2,,http://www.coilcraft.com/0402cs.cfm,,,,,,,,
L3,1,L_33n_0402_5%,IND_0402,,0402CS-33NXJLU,,tht,Coilcraft,33nH,MOUSER,994-0402CS-33NXJLU,IND_0402,53-0089-3,,,,,,,,,,,,,,,,,,,,,,0402CS-27NXJLW,,53-0089-2,,,,,,,,,,
L4,1,L_27n_0402_5%,IND_0402,,0402CS-27NXJLU,,tht,Coilcraft,27nH,MOUSER,994-0402CS-27NXJLU,IND_0402,,,,,,,,,,,,,,,,,,,,,,,0402CS-27NXJLW,,53-0089-2,,,,,,,,,,
L5,1,L_18n_0402_5%,IND_0402,,0402CS-18NXJLU,,tht,Coilcraft,18nH,MOUSER,994-0402CS-18NXJLU,IND_0402,53-0089-1,,,,,,,,,,,,,,,,,,,,,,0402CS-27NXJLW,,53-0089-2,,,,,,,,,,
L6,1,47uF_830m_3030_20%,IND-P1166NL,,P1166.473NLT,,tht,Pulse,47uH,Mouser,673-P1166.473T,Molded 2 lead Inductor,53-0090,,,,,,,,,,,,,,,,,,,,,,,,,,,,,,,,,,
L7,1,L_10u_1A6_3030_20%,IND-P1166NL,,P1166.103T,,tht,Pulse,10uH,Mouser,673-P1166.103T,Molded 2 lead Inductor,54-0115,,,,,,,,,,,,,,,,,,,,,,,,,,,,,,,,,,
L8,1,L_10u_1A1_2626_20%,IND-ELL-6RH,,ELL6RH100M,,tht,Panasonic,10uH,Digi-Key,PCD1345CT-ND,7560,54-0116,,,,,,,,,,,,,,,,,,,,,,,,,,,,,,,,,,
L9,1,L_2u7_1A8_2626_20%,IND-ELL-6RH,,ELL6RH2R7M,,tht,Panasonic,2.7uH,Digi-Key,PCD1339CT-ND,Pkg,54-0117,,,,,,,,,,,,,,,,,,,,,,,,,,,,,,,,,,
LED1,1,LED Red 0402,LED_0402_RED,,SML-LX0402SIC-TR,,tht,Lumex,,Digi-Key,67-1878-1-ND,0402,53-0035,,,,,,,,,,,,,,,,,,,,,,,,,,,,,,,,,,
"M3, M4, M5, M6",4,Mire 2.00 mm,MIRE,,,,tht,,,,,,,,,,,,,,,,,,,,,,,,,,,,,,,,,,,,,,,,
"NF1, NF2",2,PAD_70m_50m,PAD_70M_50M,,,,tht,,,,,SMT pad,,,,,,,,,,,,,,,,,,,,,,,,,,,,,,,,,,,
R1,1,R_71.5k_0402,RES_0402,,CRCW0402374KFKED,,tht,Vishay Dale,71.5k 1%,Digi-Key,541-71.5KLDKR-ND,RES_0402,,,,,,,,,,,,,,,,,,,,,,,,,,,,,,,,,,,
R10,1,"7.5k ohm, 1%, 1/16W, 0402, RoHS",RES_0402,,TNPW04027K50BEED,,tht,Vishay Dale,7.5k 1%,Digi-Key,TNP7.50KDADKR-ND,RES_0402,53-0049-22,,,,,,,,,,,,,,,,,,,,,,,,,,,,,,,,,,
"R100, R104",2,R_0_0805,RES_0805,,CRCW08050000Z0EA,,tht,Vishay Dale,0.0 ohm,Digi-Key,541-0.0ADKR-ND,RES_0805,53-0088,,,,,,,,,,,,,,,,,,,,,,,,,,,,,,,,,,
"R101, R17, R27",3,R_0_0402,RES_0402,,CRCW04021K00FKED,,tht,Vishay Dale,0.0 ohm,Digi-Key,541-1.00KLDKR-ND,RES_0402,53-0048,,,,,,,,,,,,,,,,,,,,,,,,,,,,,,,,,,
R102,1,R_38k3_0402,RES_0402,,CRCW040238K3FKED,,tht,Vishay,38.3K 1%,Digi-Key,541-38.3KLDKR-ND,RES_0402,53-0049-35,,,,,,,,,,,,,,,,,,,,,,,,,,,,,,,,,,
"R103, R108, R109, R110, R111, R116, R59, R76, R91",9,R_10k_0402,RES_0402,,CRCW040210K0FKED,,tht,Vishay Dale,10k 1%,Digi-Key,541-10.0KLDKR-ND,RES_0402,53-0049-4,,,,,,,,,,,,,,,,,,,,,,,,,,,,,,,,,,
"R105, R112, R113, R114, R115, R117, R122, R36, R53, R55, R57, R66, R69, R70, R72, R74, R84, R85, R87, R89, R99",21,R_100k_0402,RES_0402,,CRCW0402100KFKED,,tht,Vishay Dale,100k 1%,Digi-Key,541-100KLDKR-ND,RES_0402,53-0049-7,,,,,,,,,,,,,,,,,,,,,,,,,,,,,,,,,,
"R106, R107",2,R_1.5k_0402,RES_0402,,CRCW04021K50FKEDHP,,tht,Vishay Dale,1.5k 1%,Digi-Key,541-1.50KYCT-ND,RES_0402,,,,,,,,,,,,,,,,,,,,,,,,,,,,,,,,,,,
"R11, R13, R16, R18, R19, R20, R21, R22, R24, R29, R31, R32, R37, R39, R45, R46, R47, R48, R49, R50",20,R_0_0603,RES_0603,,CRCW06030000Z0EA,,tht,Vishay Dale,0.0 ohm,Digi-Key,541-1.00KLDKR-ND,RES_0603,53-0075,,,,,,,,,,,,,,,,,,,,,,,,,,,,,,,,,,
R118,1,R_549k_0402,RES_0402,,CRCW0402549KFKED,,tht,Vishay,549k 1%,Digi-Key,541-549KLDKR-ND,RES_0402,53-0049-36,,,,,,,,,,,,,,,,,,,,,,,,,,,,,,,,,,
"R119, R120, R121, R123, R124, R127, R128, R129, R63, R80, R95",11,R_49k9_0402,RES_0402,,CRCW040249K9FKED,,tht,Vishay Dale,49.9k 1%,Digi-Key,541-49.9KLDKR-ND,RES_0402,53-009-2,,,,,,,,,,,,,,,,,,,,,,,,,,,,,,,,,,
"R12, R30",2,R_DNP_0402,RES_0402,,DO NOT POPULATE,,tht,DO NOT POPULATE,,,,[R12]CAP_0402; [R30]0402,53-0049-4,,,,,,,,,,,,,,,,,,,,,,,,,,,,,,,,,,
R125,1,R_150k_0402,RES_0402,,CRCW0402150KFKED,,tht,Vishay Dale,150k 1%,Digi-Key,541-150KLDKR-ND,RES_0402,53-0049-11,,,,,,,,,,,,,,,,,,,,,,,,,,,,,,,,,,
"R126, R42",2,R_200k_0402,RES_0402,,CRCW0402200KFKED,,tht,Vishay Dale,200k 1%,Digi-Key,541-200KLDKR-ND,RES_0402,53-0049-28,,,,,,,,,,,,,,,,,,,,,,,,,,,,,,,,,,
R14,1,3.0k,RES_0603,,CRCW04023K00FKEDHP,,tht,Vishay Dale,3.0k,Digi-Key,541-CRCW04023K00FKEDHPCT-ND,RES_0402,,,,,,,,,,,,,,,,,,,,,,,,,,,,,,,,,,,
"R15, R60, R61, R65, R68, R77, R78, R81, R83, R92, R93, R96, R98",13,R_1k_0402,RES_0402,,CRCW04021K00FKED,,tht,Vishay Dale,1k 1%,Digi-Key,541-1.00KLDKR-ND,RES_0402,53-0049-4,,,,,,,,,,,,,,,,,,,,,,,,,,,,,,,,,,
R23,1,R_20_0805,RES_0805,,CRCW080520R0FKEA,,tht,Vishay Dale,20 ohm 1%,Digi-Key,541-1.00KLDKR-ND,RES_0805,53-0023-03,,,,,,,,,,,,,,,,,,,,,,,,,,,,,,,,,,
R25,1,R_100k_0805_0%1,RES_0805,,TNPW0805100KBEEA,,tht,Vishay Dale,100k 1%,Digi-Key,TNP100KABDKR-ND,SM_0805,53-0084,,,,,,,,,,,,,,,,,,,,,,,,,,,,,,,,,,
R26,1,R_750_0805_0%1,RES_0805,,RG2012P-751-B-T5,,tht,Susumu,750 ohm 1%,Digi-Key,RG20P750BCT-ND,RES_0805,53-0086,,,,,,,,,,,,,,,,,,,,,,,,,,,,,,,,,,
R28,1,R_56k_0402,RES_0402,,MCR01MZPF5602,,tht,Rohm,56k 1%,Digi-Key,RHM56.0KLCT-ND,RES_0402,53-0049-4,,,,,,,,,,,,,,,,,,,,,,,,,,,,,,,,,,
"R33, R9",2,R_30k_0402,RES_0402,,CRCW040230K0FKED,,tht,Vishay Dale,30k 1%,Digi-Key,541-30.0KLDKR-ND,RES_0402,53-0049-21,,,,,,,,,,,,,,,,,,,,,,,,,,,,,,,,,,
R34,1,200k 1%,RES_0402,,CRCW04021M00FKED,,tht,Vishay Dale,200k 1%,Digi-Key,541-1.00MLDKR-ND,RES_0402,53-0095,,,,,,,,,,,,,,,,,,,,,,,,,,,,,,,,,,
R35,1,R_5k1_0402,RES_0402,,CRCW04025K10FKED,,tht,Vishay Dale,5.1k 1%,Digi-Key,541-5.10KLDKR-ND,RES_0402,53-0049-24,,,,,,,,,,,,,,,,,,,,,,,,,,,,,,,,,,
"R38, R67, R82, R97",4,R_20m_0603,RES_0603,,WSL0603R0200FEA,,tht,Vishay Dale,0.02 ohm 1%,Digi-Key,WSLJ-.02DKR-ND,RES_0603,53-0087,,,,,,,,,,,,,,,,,,,,,,,,,,,,,,,,,,
R40,1,R_340k_0402,RES_0402,,CRCW0402340KFKED,,tht,Vishay Dale,340K 1%,Digi-Key,541-340KLDKR-ND,RES_0402,51-0049-26,,,,,,,,,,,,,,,,,,,,,,,,,,,,,,,,,,
R41,1,R_15k_0402,RES_0402,,CRCW040215K0FKED,,tht,Vishay Dale,15k  1%,Digi-Key,541-15.0KLDKR-ND,RES_0402,53-0049-27,,,,,,,,,,,,,,,,,,,,,,,,,,,,,,,,,,
R43,1,R_60k4_0402,RES_0402,,CRCW040260K4FKED,,tht,Vishay Dale,60.4k  1%,Digi-Key,541-60.4KLDKR-ND,RES_0402,53-0049-29,,,,,,,,,,,,,,,,,,,,,,,,,,,,,,,,,,
R44,1,R_24k9_0402,RES_0402,,CRCW040224K9FKED,,tht,Vishay Dale,24.9k 1%,Digi-Key,541-24.9KLDKR-ND,RES_0402,53-0049-30,,,,,,,,,,,,,,,,,,,,,,,,,,,,,,,,,,
R51,1,R_470K,RES_0402,,CRCW0402470KFKEDHP,,tht,Vishay,470K 1%,Digi-Key,541-470KYCT-ND,RES_0402,53-0049-4,,,,,,,,,,,,,,,,,,,,,,,,,,,,,,,,,,
R52,1,R_69k8_0402,RES_0402,,CRCW040269K8FKTD,,tht,Vishay,69.8K 1%,Digi-Key,541-CRCW040269K8FKTDCT-ND,RES_0402,53-0049-4,,,,,,,,,,,,,,,,,,,,,,,,,,,,,,,,,,
"R54, R71, R86",3,R_374k_0402,RES_0402,,CRCW0402374KFKED,,tht,Vishay Dale,374k 1%,Digi-Key,541-374KLDKR-ND,RES_0402,53-0049-25,,,,,,,,,,,,,,,,,,,,,,,,,,,,,,,,,,
"R56, R73, R88",3,R_1_0402,RES_0402,,CRCW04021R00FNED,,tht,"[R56,R73]Vishay; [R88]Vishay Dale",1 ohm 1%,Digi-Key,"[R56,R73]541-1.00LCT-ND; [R88]541-1.00LLCT-ND",RES_0402,"[R56,R73]53-0049-4; [R88]53-0049-32",,,,,,,,,,,,,,,,,,,,,,,,,,,,,,,,,,
"R58, R75, R90",3,R_113k_0402,RES_0402,,CRCW0402113KFKED,,tht,Vishay Dale,113K,Digi-Key,541-113KLDKR-ND,RES_0402,53-0049-33,,,,,,,,,,,,,,,,,,,,,,,,,,,,,,,,,,
"R62, R79, R94",3,1M ohm 1%,RES_0402,,CRCW04021M00FKED,,tht,Vishay Dale,1M ohm 1%,Digi-Key,541-1.00MLDKR-ND,RES_0402,53-0095,,,,,,,,,,,,,,,,,,,,,,,,,,,,,,,,,,
R64,1,R_232k_0402,RES_0402,,CRCW0402232KFKED,,tht,Vishay Dale,232K 1%,Digi-Key,541-232KLDKR-ND,RES_0402,53-0049-34,,,,,,,,,,,,,,,,,,,,,,,,,,,,,,,,,,
RV1,1,Thermistor 10k radial NTC,NTC,,MA100BF103A,,tht,Amphenol Advanced Sensors,10k,MOUSER,527-MA100BF103A,Thru-Hole,53-0091,,,,,,,,,,,,,,,,,,,,,,,,,,,,,,,,,,
SW1,1,Reed SW,SW_CT05,,CT05-1535-J1,,tht,Coto Technology,,Digi-Key,306-1151-1-ND,CT05J_SMD,54-0085,,,,,,,,,,,,,,,,,,,,,,,,,,,,,,,,,,
"TP1, TP10, TP11, TP12, TP13, TP14, TP15, TP16, TP17, TP18, TP19, TP2, TP20, TP21, TP22, TP23, TP24, TP25, TP26, TP27, TP28, TP29, TP3, TP30, TP31, TP32, TP33, TP34, TP35, TP36, TP37, TP38, TP4, TP5, TP6, TP7, TP8, TP9",38,Test Point,TEST_POINT,*,,,tht,,*,,,,,,,,,,,,,,,,,,,,,,,,,,,,,,,*,*,,,,,,
U1,1,ADC 16bit I2C,SOT23-6,,ADS1110A0IDBVT,,tht,Texas Instruments,*,Digi-Key,296-14461-1-ND,SOT23-6,54-0086,,,,,,,,,,,,,,,,,,,,,,,,,,,,,I2C address 1001000,,,,,
"U10, U8, U9",3,Pin driver 15nS,SOIC8-N,,EL7156CSZ,,tht,Intersil,,Digi-Key,EL7156CSZ-T7DKR-ND,Narrow SO8,54-0092,,,,,,,,,,,,,,,,,,,,,,,,,,,,,,,,,,
U11,1,CMP 2.7-5.5V 40ns,SC70-5,,MAX9140EXK+T,,tht,Maxim Integrated,,Digi-Key,MAX9140EXK+TCT-ND,SC70-5,54-0094,,,,,,,,,,,,,,,,,,,,,,,,,,,,,,,,,,
U12,1,"UHS Inverter,",SC70-5,,NC7SZ14P5X,,tht,Fairchild,,Mouser,512-NC7SZ14P5X,SC70-5,54-0094,,,,,,,,,,,,,,,,,,,,,,,,,,,,,,,,,,
"U13, U2",2,REF 2.048V 5uA,SOT23-3,,MAX6018AEUR21-T,,tht,Maxim Integrated,,Digi-Key,MAX6018AEUR21+TDKR-ND,SOT23-3,54-0087,THMREF,,,,,,,,,,,,,,,,,,Digi-Key,MAX6018AEUR18+TTR-ND,,,,,,,,,,*,,,,
U14,1,RF XCVR,QFN20,,CC1101RGPR,,tht,Texas Instruments,*,Digi-Key,296-35718-6-ND,QFN20,54-0095,,,,,,,,,,,,,,,,,,,,,,,,,,,,,,,,,,
U15,1,BUCK 3.6-36V 600mA,SOT23-6,,LT1933ES6#TRMPBF,,tht,Linear Technology,,Digi-Key,LT1933ES6#TRMPBFDKR-ND,TSOT23-6,54-0096,,,,,,,,,,,,,,,,,,,,,,,,57-0096,,,,,,,54-0096,,,
U16,1,BUCK BOOST 2V5-5V5,DFN10,,LTC3440EDD#TRPBF,,tht,Linear Technology,,Digi-Key,LTC3440EDD#PBF-ND,DFN3X3,54-0097,,,,,,,,,,,,,,,,,,,,,,LTC3440EDD#PBF,,,,,,,,,,,,
"U17, U26, U34, U42",4,"Current Monitor, 2.5V-20V, 1%",SOT23-5,,ZXCT1010E5TA,,tht,Diodes Incorporated,ZXCT1010,Digi-Key,ZXCT1010DKR-ND,SOT23-5,54-0052,,,,,,,,,,,,,,,,,,,,,,,,,,Q~{:}0~{0}0~{4}00-04-3500 Zetex ZXCT1010.pdf,,,,,,00-04-3500,,
U18,1,MAX829EUK,SOT23-5,,LTC4411ES5#PBF,,tht,Linear Technology,,Digi-Key,LTC4411ES5#TRMPBFDKR-ND,SOT23-5,54-0101,,,,,,,,,,,,,,,,,,,,,,,,,"Voltage Inverter, 1.5-5.5V, 25mA",,,,,,,,,
U19,1,BUCK 2.5-5.5V 350mA,SOT23-5,,LM3670MF-1.8/NOPB,,tht,Texas Instruments,,Digi-Key,LM3670MF-1.8/NOPBDKR-ND,SOT23-5,54-0098,,,,,,,,,,,,,,,,,,,,,,,,,,,,,,,,,,
U20,1,DC/DC Step-Up,SOT23-6,,LT3467AES6,,tht,Linear Technology,,Digi-Key,LT3467AES6#TRMPBFDKR-ND,TSOT23,54-0099,,,,,,,,,,,,,,,,,,,,,,LT3467AES6#TRMPBF,,,,,,,,,,,,
U21,1,AD5246BKS100-R2,SC70-6,,AD5246BKS100-R2,,tht,Analog Devices,*,Digi-Key,AD5246BKS100-R2CT-ND,SC70-6,54-0100,,,,,,,,,,,,,,,,,,,,,,AD5246BKSZ100-RL7,,,"DIGPOT, 100Kohm, I2C, SC70",,,,I2Caddr 0101110,,,,I2Caddr 0101110,
"U22, U30, U38",3,Ideal diode 2.6-5.5V 2.6A,SOT23-5,,LTC4411ES5#PBF,,tht,Linear Technology,,Digi-Key,LTC4411ES5#TRMPBFDKR-ND,SOT23-5,54-0101,,,,,,,,,,,,,,,,,,,,,,,,,,,,,,,,,,
"U23, U29, U31, U37, U39, U45",6,"MOSFET 2N, 60V, 0.305A",SOT-563,,Si1026X-T1-E3,,tht,Vishay Siliconix,500mA,Digi-Key,SI1026X-T1-E3CT-ND,SOT563,54-0102,,,,,,,,,,,,,,,,,,,,,,,,,,,,,,,,,,
"U24, U32, U40",3,Dual P-Channel,SOT-563,,SI1023X-T1-E3,,tht,Vishay Siliconix,-350mA,Digi-Key,SI1023X-T1-GE3CT-ND,SOT563,54-0103,,,,,,,,,,,,,,,,,,,,,,,,,,,,,,,,,,
"U25, U33, U41",3,VLDO 6.5V 150mA,SOT23-5,,LTC1844ES5-SD,,tht,Linear Technology,150mA,Digi-Key,LTC1844ES5-SD#TRMPBFDKR-ND,SOT23-5,54-0104,,,,,,,,,,,,,,,,,,,,,,,,,,,,,,,,,,
"U27, U35, U43",3,Op Amp R-R  1uA,DFN4,,LT6003CDC,,tht,Linear Technology,,Digi-Key,LT6003CDC#TRMPBFDKR-ND,DFN5,54-0105,,,,,,,,,,,,,,,,,,,,,,,,,,,Linear Technology,,,,,,,LT6003CDC
"U28, U36, U44",3,LI-ION Gas Guage I2C,QFN10,,BQ27200DRKR,,tht,Texas Instruments,,Digi-Key,296-17521-6-ND,DRK10,54-0106,,,,,,,,,,,,,,,,,,,,,,,,,,,,,,,,,,
U3,1,Flash  2.7-3.6V 32Mbit SPI,DFN8,,AT45DB321E-SHF-T,,tht,Adesto Technologies,32Mbit,Digi-Key,1265-1097-6-ND,"SOIC, 8-Leads",54-0088,,,,,,,,,,,,,,,,,,,,,,,,,"Flash, 32Mbit, SPI, SO8",,,,,,,,,
U4,1,"RAM, 256Kbit, SPI",TSSOP-8L,,23K256T-I/ST-ND,,tht,MicroChip Technology,256Kbit,Digi-Key,23K256T-I/STDKR-ND,8-Lead [TSSOP],,,,,,,,,,,,,,,,,,,,Newark,08P0024,,,,54-0089,,http://ww1.microchip.com/downloads/en/DeviceDoc/22100D.pdf,,,,,,,,
U46,1,"ARM Microcontroller, Vcore= 1.8V, VIO=3.3V, 16kB SRAM, 256kB Flash",LQFP64,,,,tht,,uP,Digi-Key,568-1225-ND,QFP64-9,,,,,,,,,,,,,,,,,,,,,,,,,,,,Philips,,,,,,,LPC2129FBD64-S
U47,1,RESET 1.3-6.0V,SC70-5,,TPS3805H33DCKR,,tht,Texas Instruments,,Digi-Key,296-13407-1-ND,SC70-5,54-0060,,,,,,,,,,,,,,,,,,,,,,,,,,,,,,,,,,
"U48, U49, U50",3,ANA SW DUAL 1.65-5.5V,VSSOP8,,TS5A23166DCUR,,tht,Texas Instruments,*,Digi-key,296-17906-1-ND,SSOP8,54-0108,,,,,,,,,,,,,,,,,,,,,,,,,,,,,,,,,,
U5,1,ISM330ISTR,LGA-14L_STM,,,,smt,,,,,,,,,,,,,,,,,,,,,,,,,,,,,,,6-axis IMU,,,,,,,,"I2C Address: 1101010b  (Write D4h, Read D5h)",
U51,1,AD5247BKSZ100-1RL7,SC70-6,,AD5246BKS100-R2,,tht,Analog Devices,*,Digi-Key,AD5246BKS100-R2CT-ND,SC70-6,54-0100,,,,,,,,,,,,,,,,,,,,,,AD5246BKSZ100-RL7,,,,,,,I2Caddr 0101110,,,,I2Caddr 0010111,
U6,1,OSC ADJ 1.7-5.5V 5MHz,MSOP-8L,,LTC6930CMS8-5.00#PBF,,tht,Linear Technology,,Digi-Key,LTC6930CMS8-5.00#PBF-ND,uSOP8,54-0090,,,,,,,,,,,,,,,,,,,,,,,,,,,,,,,,,,
U7,1,CPLD 3.3V 10nS XPLA3,VQFP-44,,XCR3032XL-10VQ44I,,tht,Xilinx,*,Digi-Key,122-1957-ND,QFP44,56-0091,,,,,,,,,,,,,,,,,,,,,,,,,,,,,,,,,,
Y1,1,OSC 26MHz 2.5x2.0x0.7mm,NX2520SA,,NX2520SA-26.000000MHZ,,tht,NDK,26MHz,Digi-Key,644-1063-1-ND,,54-0109,,,,,,,,,,,,,,,,,,,,,,,,,,,,,,,,,,
Y2,1,10MHz 20pF SMD,ECX-53B,,ECS-100-20-30B-TR,,tht,ECS,,Digi-Key,XC1117CT-ND,"CRYSTAL 10.000 MHZ 20PF SMD, 5mm x 3.2mm",54-0110,,,,,,,,,,,,,,,,,,,,,,,,MPN,Crystal 10MHz 20pF HC-49US,,ECS,,,,,,,ECS-100-20-30B-TR
