pos_x,pos_y,rotation,side,designator,mpn,pack,footprint,value,mount_type,place
12.31118,62.80139,-90.0,top,BAT1,QL0200I-A,,QL0200I-A,BAT 200mAH 4.1V,tht,True
12.3282,45.20515,-90.0,top,BAT2,QL0200I-A,,QL0200I-A,BAT 200mAH 4.1V,tht,True
12.3282,27.62835,-90.0,top,BAT3,QL0200I-A,,QL0200I-A,BAT 200mAH 4.1V,tht,True
37.4522,58.71535,0.0,bottom,C1,GRM155R71C104KA88D,,CAP_0402,C_100n_X7R_16_0402_10%,smt,True
37.0522,30.71535,-90.0,top,C10,GRM155R71C104KA88D,,CAP_0402,C_100n_X7R_16_0402_10%,smt,True
22.8272,18.13635,-90.0,top,C100,GRM155R71C104KA88D,,CAP_0402,C_100n_X7R_16_0402_10%,smt,True
43.7422,16.50034,0.0,top,C101,GRM155R71C104KA88D,,CAP_0402,C_100n_X7R_16_0402_10%,smt,True
42.5446,29.8397,90.0,bottom,C102,GRM155R71C104KA88D,,CAP_0402,C_100n_X7R_16_0402_10%,smt,True
28.2522,37.89035,90.0,top,C11,GRM155R71C104KA88D,,CAP_0402,C_100n_X7R_16_0402_10%,smt,True
35.85221,45.54035,0.0,top,C12,GRM155R71C104KA88D,,CAP_0402,C_100n_X7R_16_0402_10%,smt,True
39.41789,46.86035,0.0,top,C13,GRM21BR61E475KA12L,,CAP_0805,C_4u7_X5R_25_0805_10%,tht,True
34.2022,51.56035,-90.0,top,C14,GRM155R71C104KA88D,,CAP_0402,C_100n_X7R_16_0402_10%,smt,True
36.81789,53.56536,180.0,top,C15,GRM155R71C104KA88D,,CAP_0402,C_100n_X7R_16_0402_10%,smt,True
29.9272,59.06535,-90.0,top,C16,GRM155R71C104KA88D,,CAP_0402,C_100n_X7R_16_0402_10%,smt,True
27.7772,46.84035,180.0,top,C17,GRM21BR61E475KA12L,,CAP_0805,C_4u7_X5R_25_0805_10%,tht,True
32.66816,54.69035,90.0,top,C18,GRM155R71C104KA88D,,CAP_0402,C_100n_X7R_16_0402_10%,smt,True
28.7772,53.64035,0.0,top,C19,GRM155R71C104KA88D,,CAP_0402,C_100n_X7R_16_0402_10%,smt,True
39.0272,38.31535,-90.0,bottom,C2,GRM1555C1H102JA01D,,CAP_0402,C_1n_C0G_50_0402_5%,smt,True
22.31457,61.609794,180.0,top,C20,GRM155R71C104KA88D,,CAP_0402,C_100n_X7R_16_0402_10%,smt,True
21.75457,60.069794,90.0,top,C21,GRM1555C1H102JA01D,,CAP_0402,C_1n_C0G_50_0402_5%,smt,True
27.9272,59.14035,0.0,top,C22,GRM1555C1H102JA01D,,CAP_0402,C_1n_C0G_50_0402_5%,smt,True
31.99316,81.94035,-90.0,top,C23,GRM152R60J105ME15D,,CAP_0402,C_1u_X5R_6V3_0402_20%,smt,True
41.7772,82.74035,90.0,top,C24,GRM155R71C104KA88D,,CAP_0402,C_100n_X7R_16_0402_10%,smt,True
55.5772,80.74035,90.0,top,C25,DO NOT POPULATE,,CAP_1210,C_DNP_1210,tht,False
43.76018,82.74035,90.0,top,C26,GRM155R71C104KA88D,,CAP_0402,C_100n_X7R_16_0402_10%,smt,True
51.9772,80.06535,0.0,top,C27,GRM1555C1H221JA01,,CAP_0402,C_220p_C0G_50_0402_5%,smt,True
45.5522,77.42535,0.0,top,C28,GRM155R71C104KA88D,,CAP_0402,C_100n_X7R_16_0402_10%,smt,True
45.555,79.69,0.0,top,C29,GRM1555C1H1R0CA01D,,CAP_0402,C_1p_C0G_50_0402_5%,smt,True
38.87721,33.75703,0.0,bottom,C3,GRM155R71C104KA88D,,CAP_0402,C_100n_X7R_16_0402_10%,smt,True
50.6022,78.56742,-90.0,top,C30,GRM1555C1H5R6DA01D,,CAP_0402,C_5p6_C0G_50_0402_10%,smt,True
48.7772,78.56742,-90.0,top,C31,C0402C829J5GACTU,,CAP_0402,8.2pF_C0G_50_0402_5%,smt,True
46.8772,79.56535,90.0,top,C32,GRM1555C1H3R9CA01D,,CAP_0402,C_3p9_C0G_50_0402_10%,smt,True
38.406991,79.51545,180.0,top,C33,GRM155R71C104KA88D,,CAP_0402,C_100n_X7R_16_0402_10%,smt,True
45.5522,81.64035,0.0,top,C34,GRM155R71C104KA88D,,CAP_0402,C_100n_X7R_16_0402_10%,smt,True
38.256418,78.537277,180.0,top,C35,GRM155R71C104KA88D,,CAP_0402,C_100n_X7R_16_0402_10%,smt,True
46.8772,77.89,-90.0,top,C36,GRM1555C1H680JA01D,,CAP_0402,C_68p_C0G_50_0402_5%,smt,True
41.145,75.84,180.0,top,C37,GRM155R71C104KA88D,,CAP_0402,C_100n_X7R_16_0402_10%,smt,True
39.0272,76.19035,-90.0,top,C38,GRM1555C1H150JA01D,,CAP_0402,C_15p_C0G_50_0402_5%,smt,True
34.8272,76.19035,90.0,top,C39,GRM1555C1H150JA01D,,CAP_0402,C_15p_C0G_50_0402_5%,smt,True
37.1272,38.31535,-90.0,bottom,C4,GRM155R71C104KA88D,,CAP_0402,C_100n_X7R_16_0402_10%,smt,True
49.2562,20.86535,-90.0,bottom,C40,,,CAP_1210,10uF,tht,True
46.2022,20.86535,-90.0,bottom,C41,,,CAP_1210,10uF,tht,True
52.4022,20.84035,-90.0,bottom,C42,,,CAP_1210,10uF,tht,True
43.8522,25.99035,-90.0,bottom,C43,GRM188R71C154KA01D,,CAP_0603,C_150n_X7R_16_0603_10%,tht,True
48.5522,18.73995,180.0,top,C44,GRM32ER61A107ME20L,,CAP_1210,C_100u_X5R_10_1210_20%,tht,True
49.6646,28.38971,180.0,bottom,C45,GRM1555C1H100JA01D,,CAP_0402,C_10p_C0G_50_0402_5%,smt,True
48.4772,25.11534,90.0,bottom,C46,GRM185R61A475KE11D,,CAP_0603,C_4u7_X5R_10_0603_10%,tht,True
45.4792,39.21535,180.0,bottom,C47,GRM21BR61C106KE15L,,CAP_0805,C_10u_X5R_16_0805_10%,tht,True
44.3292,36.26535,-90.0,bottom,C48,GRM21BR60J226ME39L,,CAP_0805,C_22u_X5R_6V3_0805_20%,tht,True
30.1022,29.80035,0.0,bottom,C49,GRM185R61A475KE11D,,CAP_0603,C_4u7_X5R_10_0603_10%,tht,True
39.0022,56.06535,90.0,bottom,C5,GRM1555C1H102JA01D,,CAP_0402,C_1n_C0G_50_0402_5%,smt,True
49.3042,37.26535,90.0,bottom,C50,GRM155R71H152KA01D,,CAP_0402,C_1n5_X7R_50_0402_10%,smt,True
37.9772,48.72792,0.0,bottom,C51,GRM185R61A475KE11D,,CAP_0603,C_4u7_X5R_10_0603_10%,tht,True
37.9772,49.99035,180.0,bottom,C52,GRM185R61A475KE11D,,CAP_0603,C_4u7_X5R_10_0603_10%,tht,True
45.5772,43.48714,0.0,bottom,C53,GRM188R60J106ME47J,,CAP_0603,C_10u_X5R_6V3_0603_20%,tht,True
49.4022,47.31214,-90.0,bottom,C54,GRM185R61A475KE11D,,CAP_0603,C_4u7_X5R_10_0603_10%,tht,True
49.3022,58.74035,-90.0,bottom,C55,GRM185R61A475KE11D,,CAP_0603,C_4u7_X5R_10_0603_10%,tht,True
46.7772,53.81535,90.0,bottom,C56,,,CAP_1210,10uF,tht,True
44.6522,55.84035,90.0,bottom,C57,GRM1555C1H100JA01D,,CAP_0402,C_10p_C0G_50_0402_5%,smt,True
46.7772,61.06535,90.0,bottom,C58,GRM155R71H472KA01D,,CAP_0402,C_4n7_C0G_50_0402_10%,smt,True
42.72573,61.52484,90.0,top,C59,GRM155R71C104KA88D,,CAP_0402,C_100n_X7R_16_0402_10%,smt,True
37.2522,15.51956,-90.0,bottom,C6,GRM155R71C104KA88D,,CAP_0402,C_100n_X7R_16_0402_10%,smt,True
21.58457,50.374794,-90.0,bottom,C60,GRM185R61A475KE11D,,CAP_0603,C_4u7_X5R_10_0603_10%,tht,True
26.3273,53.6406,-90.0,bottom,C61,GRM185R61A475KE11D,,CAP_0603,C_4u7_X5R_10_0603_10%,tht,True
27.9772,61.69035,90.0,bottom,C62,GRM1555C1H102JA01D,,CAP_0402,C_1n_C0G_50_0402_5%,smt,True
23.03457,62.179794,90.0,bottom,C63,GRM155R71C104KA88D,,CAP_0402,C_100n_X7R_16_0402_10%,smt,True
24.27741,53.6406,-90.0,bottom,C64,GRM155R71C104KA88D,,CAP_0402,C_100n_X7R_16_0402_10%,smt,True
23.27741,53.6406,-90.0,bottom,C65,GRM155R71C104KA88D,,CAP_0402,C_100n_X7R_16_0402_10%,smt,True
32.7022,48.72792,0.0,bottom,C66,GRM152R60J105ME15D,,CAP_0402,C_1u_X5R_6V3_0402_20%,smt,True
25.84957,63.514794,180.0,bottom,C67,GRM155R71C104KA88D,,CAP_0402,C_100n_X7R_16_0402_10%,smt,True
25.11957,62.179794,-90.0,bottom,C68,GRM155R71C104KA88D,,CAP_0402,C_100n_X7R_16_0402_10%,smt,True
21.58457,32.794794,-90.0,bottom,C69,GRM185R61A475KE11D,,CAP_0603,C_4u7_X5R_10_0603_10%,tht,True
17.7772,79.24035,180.0,top,C7,GRM155R71C104KA88D,,CAP_0402,C_100n_X7R_16_0402_10%,smt,True
26.56957,36.079794,-90.0,bottom,C70,GRM185R61A475KE11D,,CAP_0603,C_4u7_X5R_10_0603_10%,tht,True
28.03457,45.844794,90.0,bottom,C71,GRM1555C1H102JA01D,,CAP_0402,C_1n_C0G_50_0402_5%,smt,True
23.25035,44.954924,90.0,bottom,C72,GRM155R71C104KA88D,,CAP_0402,C_100n_X7R_16_0402_10%,smt,True
24.32957,36.049794,-90.0,bottom,C73,GRM155R71C104KA88D,,CAP_0402,C_100n_X7R_16_0402_10%,smt,True
23.27741,36.0636,-90.0,bottom,C74,GRM155R71C104KA88D,,CAP_0402,C_100n_X7R_16_0402_10%,smt,True
26.21957,44.964794,90.0,bottom,C75,GRM155R71C104KA88D,,CAP_0402,C_100n_X7R_16_0402_10%,smt,True
25.25035,44.956794,-90.0,bottom,C76,GRM155R71C104KA88D,,CAP_0402,C_100n_X7R_16_0402_10%,smt,True
24.3772,14.00035,90.0,top,C77,GRM185R61A475KE11D,,CAP_0603,C_4u7_X5R_10_0603_10%,tht,True
26.73957,17.114794,-90.0,bottom,C78,GRM185R61A475KE11D,,CAP_0603,C_4u7_X5R_10_0603_10%,tht,True
27.7272,27.71535,180.0,bottom,C79,GRM1555C1H102JA01D,,CAP_0402,C_1n_C0G_50_0402_5%,smt,True
28.2772,31.09035,-90.0,top,C8,GRM185R61A475KE11D,,CAP_0603,C_4u7_X5R_10_0603_10%,tht,True
22.95057,27.263424,90.0,bottom,C80,GRM155R71C104KA88D,,CAP_0402,C_100n_X7R_16_0402_10%,smt,True
24.45457,18.129794,-90.0,bottom,C81,GRM155R71C104KA88D,,CAP_0402,C_100n_X7R_16_0402_10%,smt,True
23.48457,18.129794,-90.0,bottom,C82,GRM155R71C104KA88D,,CAP_0402,C_100n_X7R_16_0402_10%,smt,True
25.95069,27.263394,90.0,bottom,C83,GRM155R71C104KA88D,,CAP_0402,C_100n_X7R_16_0402_10%,smt,True
24.95057,27.263294,-90.0,bottom,C84,GRM155R71C104KA88D,,CAP_0402,C_100n_X7R_16_0402_10%,smt,True
34.4272,29.61535,0.0,top,C85,GRM155R71C104KA88D,,CAP_0402,C_100n_X7R_16_0402_10%,smt,True
27.41957,24.469794,180.0,top,C86,GRM155R71C104KA88D,,CAP_0402,C_100n_X7R_16_0402_10%,smt,True
23.3772,28.00703,90.0,top,C87,GRM1555C1H390JA01D,,CAP_0402,C_39p_C0G_50_0402_5%,smt,True
34.1522,14.91535,180.0,top,C88,GRM155R71C104KA88D,,CAP_0402,C_100n_X7R_16_0402_10%,smt,True
42.5272,22.06536,90.0,top,C89,GRM155R71C104KA88D,,CAP_0402,C_100n_X7R_16_0402_10%,smt,True
42.65221,41.19035,90.0,top,C9,GRM155R71C104KA88D,,CAP_0402,C_100n_X7R_16_0402_10%,smt,True
43.1772,54.99035,90.0,top,C90,GRM155R71C104KA88D,,CAP_0402,C_100n_X7R_16_0402_10%,smt,True
26.58,22.505,90.0,top,C91,GRM1555C1H390JA01D,,CAP_0402,C_39p_C0G_50_0402_5%,smt,True
31.6772,14.80984,0.0,top,C92,GRM188R71H104KA93D,,CAP_0603,C_100n_X7R_50_0603_10%,tht,True
27.47957,18.759794,180.0,top,C93,GRM155R71C104KA88D,,CAP_0402,C_100n_X7R_16_0402_10%,smt,True
42.5272,18.81535,90.0,top,C94,GRM155R71C104KA88D,,CAP_0402,C_100n_X7R_16_0402_10%,smt,True
27.41957,25.579794,180.0,top,C95,GRM155R71C104KA88D,,CAP_0402,C_100n_X7R_16_0402_10%,smt,True
23.25957,53.354794,-90.0,top,C96,GRM155R71C104KA88D,,CAP_0402,C_100n_X7R_16_0402_10%,smt,True
37.4272,14.30035,-90.0,top,C97,GRM155R71C104KA88D,,CAP_0402,C_100n_X7R_16_0402_10%,smt,True
23.34957,35.759794,-90.0,top,C98,GRM155R71C104KA88D,,CAP_0402,C_100n_X7R_16_0402_10%,smt,True
43.7423,15.45035,0.0,top,C99,GRM155R71C104KA88D,,CAP_0402,C_100n_X7R_16_0402_10%,smt,True
40.4772,11.70035,180.0,bottom,D1,MBR0540-TP,,SOD123,D_40_500m_SOD123,tht,True
49.7022,54.96535,90.0,bottom,D10,"PMEG2010BER,115",,SOD123,D_20_1_SOD123W,tht,True
47.1022,29.04035,0.0,top,D2,MBR0540-TP,,SOD123,D_40_500m_SOD123,tht,True
46.0022,11.70035,0.0,bottom,D3,MBR0540-TP,,SOD123,D_40_500m_SOD123,tht,True
53.1522,25.94034,90.0,bottom,D4,MBR0540-TP,,SOD123,D_40_500m_SOD123,tht,True
50.1647,16.46535,180.0,bottom,D5,DFLZ15-7,,POWERDI,"Zener Diode, 15V, 1W, DI123, RoHS",tht,True
43.8522,21.21534,-90.0,bottom,D6,MBR0540-TP,,SOD123,D_40_500m_SOD123,tht,True
40.5022,13.60035,0.0,bottom,D7,MBR0540-TP,,SOD123,D_40_500m_SOD123,tht,True
45.6772,16.46535,180.0,bottom,D8,DFLZ15-7,,POWERDI,"Zener Diode, 15V, 1W, DI123, RoHS",tht,True
46.0022,13.60035,180.0,bottom,D9,MBR0540-TP,,SOD123,D_40_500m_SOD123,tht,True
25.4522,30.21535,0.0,bottom,F1,1206L050YR,,FUSE_1206,F_500m_1206,tht,True
16.73957,61.719794,90.0,top,F2,1206L050YR,,FUSE_1206,F_500m_1206,tht,True
16.6272,43.85984,90.0,top,F3,1206L050YR,,FUSE_1206,F_500m_1206,tht,True
16.6272,26.20984,90.0,top,F4,1206L050YR,,FUSE_1206,F_500m_1206,tht,True
40.3022,82.76535,-90.0,top,FB1,HZ0402A601R-10,,IND_0402,Ferrite 100mA 1ohm,tht,True
39.3022,82.76535,-90.0,top,FB2,HZ0402A601R-10,,IND_0402,Ferrite 100mA 1ohm,tht,True
38.3022,82.76535,-90.0,top,FB3,HZ0402A601R-10,,IND_0402,Ferrite 100mA 1ohm,tht,True
36.24713,79.49019,-90.0,top,FB4,HZ0402A601R-10,,IND_0402,Ferrite 100mA 1ohm,tht,True
35.24713,79.49019,-90.0,top,FB5,HZ0402A601R-10,,IND_0402,Ferrite 100mA 1ohm,tht,True
16.9996,82.99154,0.0,top,FID11,,,FID,Fiducial 1.00mm,smt,False
53.9996,13.99154,0.0,top,FID12,,,FID,Fiducial 1.00mm,smt,False
19.56457,13.604794,180.0,bottom,FID13,,,FID,Fiducial 1.00mm,smt,False
49.9996,63.24154,180.0,bottom,FID14,,,FID,Fiducial 1.00mm,smt,False
23.62457,49.144794,0.0,top,FID15,,,FID,Fiducial 1.00mm,smt,False
56.709479,75.886113,0.0,top,FID16,,,FID,Fiducial 1.00mm,smt,False
3.99959,3.99153,0.0,top,FID17,,,FID_Stencil,Fiducial 1.00mm,smt,False
79.9996,89.99154,0.0,top,FID8,,,FID_Stencil,Fiducial 1.00mm,smt,False
79.9996,3.99154,180.0,bottom,FID9,,,FID_Stencil,Fiducial 1.00mm,smt,False
64.5172,19.14283,90.0,top,H1,,,HEADER36,"0.1""",tht,True
36.6596,78.9297,180.0,bottom,J1,,,LIDTHROUGH_2-Port,Module Connector,tht,True
29.695,79.49035,90.0,top,L1,BLM15HG102SN1D,,IND_0402,Ferrite 250mA 1.1ohm,tht,True
45.5522,80.64035,0.0,top,L2,0402CS-47NXJLU,,IND_0402,"47nF, 0402, 5%, RoHS",tht,True
48.2772,80.06535,0.0,top,L3,0402CS-33NXJLU,,IND_0402,L_33n_0402_5%,tht,True
50.1022,80.06535,0.0,top,L4,0402CS-27NXJLU,,IND_0402,L_27n_0402_5%,tht,True
45.5522,78.44035,0.0,top,L5,0402CS-18NXJLU,,IND_0402,L_18n_0402_5%,tht,True
46.93993,24.07904,0.0,top,L6,P1166.473NLT,,IND-P1166NL,47uF_830m_3030_20%,tht,True
46.9522,34.59035,180.0,top,L7,P1166.103T,,IND-P1166NL,L_10u_1A6_3030_20%,tht,True
46.9772,45.74035,-90.0,top,L8,ELL6RH100M,,IND-ELL-6RH,L_10u_1A1_2626_20%,tht,True
47.0522,59.04035,-90.0,top,L9,ELL6RH2R7M,,IND-ELL-6RH,L_2u7_1A8_2626_20%,tht,True
42.6022,29.71535,90.0,top,LED1,SML-LX0402SIC-TR,,LED_0402_RED,LED Red 0402,tht,True
79.9996,83.99154,0.0,top,M3,,,MIRE,Mire 2.00 mm,tht,False
3.9996,83.99154,0.0,top,M4,,,MIRE,Mire 2.00 mm,tht,False
3.9996,9.99154,0.0,top,M5,,,MIRE,Mire 2.00 mm,tht,False
79.9996,9.99154,0.0,top,M6,,,MIRE,Mire 2.00 mm,tht,False
25.956344,13.800486,-90.0,bottom,NF1,,,PAD_70M_50M,PAD_70m_50m,tht,False
28.481561,13.813707,-90.0,bottom,NF2,,,PAD_70M_50M,PAD_70m_50m,tht,False
48.2196,27.8647,90.0,bottom,R1,CRCW0402374KFKED,,RES_0402,R_71.5k_0402,tht,True
38.0772,43.09035,180.0,bottom,R10,TNPW04027K50BEED,,RES_0402,"7.5k ohm, 1%, 1/16W, 0402, RoHS",tht,True
44.6022,18.81535,180.0,top,R100,CRCW08050000Z0EA,,RES_0805,R_0_0805,tht,True
44.2522,54.99035,-90.0,top,R101,CRCW04021K00FKED,,RES_0402,R_0_0402,tht,True
44.2522,53.29035,-90.0,top,R102,CRCW040238K3FKED,,RES_0402,R_38k3_0402,tht,True
29.5772,15.15984,-90.0,top,R103,CRCW040210K0FKED,,RES_0402,R_10k_0402,tht,True
40.6522,42.56535,-90.0,bottom,R104,CRCW08050000Z0EA,,RES_0805,R_0_0805,tht,True
43.1772,53.29035,90.0,top,R105,CRCW0402100KFKED,,RES_0402,R_100k_0402,tht,True
41.1272,20.56535,90.0,bottom,R106,CRCW04021K50FKEDHP,,RES_0402,R_1.5k_0402,tht,True
41.1272,22.89035,90.0,bottom,R107,CRCW04021K50FKEDHP,,RES_0402,R_1.5k_0402,tht,True
33.17732,27.06535,-90.0,bottom,R108,CRCW040210K0FKED,,RES_0402,R_10k_0402,tht,True
42.6022,26.16535,-90.0,top,R109,CRCW040210K0FKED,,RES_0402,R_10k_0402,tht,True
38.87721,34.95703,180.0,bottom,R11,CRCW06030000Z0EA,,RES_0603,R_0_0603,tht,True
28.91957,18.694794,0.0,bottom,R110,CRCW040210K0FKED,,RES_0402,R_10k_0402,tht,True
42.6022,27.91535,90.0,top,R111,CRCW040210K0FKED,,RES_0402,R_10k_0402,tht,True
27.46957,17.779794,0.0,top,R112,CRCW0402100KFKED,,RES_0402,R_100k_0402,tht,True
43.2272,16.79035,-90.0,bottom,R113,CRCW0402100KFKED,,RES_0402,R_100k_0402,tht,True
27.4022,27.54035,0.0,top,R114,CRCW0402100KFKED,,RES_0402,R_100k_0402,tht,True
42.4272,18.95035,90.0,bottom,R115,CRCW0402100KFKED,,RES_0402,R_100k_0402,tht,True
41.1272,18.79035,90.0,bottom,R116,CRCW040210K0FKED,,RES_0402,R_10k_0402,tht,True
35.6772,19.56535,-90.0,bottom,R117,CRCW0402100KFKED,,RES_0402,R_100k_0402,tht,True
34.1522,13.90035,0.0,top,R118,CRCW0402549KFKED,,RES_0402,R_549k_0402,tht,True
24.25457,53.354794,-90.0,top,R119,CRCW040249K9FKED,,RES_0402,R_49k9_0402,tht,True
39.5272,36.39035,-90.0,bottom,R12,DO NOT POPULATE,,RES_0402,R_DNP_0402,tht,True
22.83457,57.809794,-90.0,top,R120,CRCW040249K9FKED,,RES_0402,R_49k9_0402,tht,True
35.9772,13.90035,0.0,top,R121,CRCW040249K9FKED,,RES_0402,R_49k9_0402,tht,True
47.46497,15.42427,180.0,top,R122,CRCW0402100KFKED,,RES_0402,R_100k_0402,tht,True
24.46457,35.754794,-90.0,top,R123,CRCW040249K9FKED,,RES_0402,R_49k9_0402,tht,True
22.8272,40.03835,-90.0,top,R124,CRCW040249K9FKED,,RES_0402,R_49k9_0402,tht,True
45.68997,15.42427,180.0,top,R125,CRCW0402150KFKED,,RES_0402,R_150k_0402,tht,True
47.46497,16.49927,180.0,top,R126,CRCW0402200KFKED,,RES_0402,R_200k_0402,tht,True
24.45957,18.629794,0.0,top,R127,CRCW040249K9FKED,,RES_0402,R_49k9_0402,tht,True
21.80957,20.039794,90.0,top,R128,CRCW040249K9FKED,,RES_0402,R_49k9_0402,tht,True
45.68997,16.49927,180.0,top,R129,CRCW040249K9FKED,,RES_0402,R_49k9_0402,tht,True
40.2772,16.69035,-90.0,bottom,R13,CRCW06030000Z0EA,,RES_0603,R_0_0603,tht,True
20.4772,82.3047,180.0,top,R14,CRCW04023K00FKEDHP,,RES_0603,3.0k,tht,True
28.2772,33.29035,-90.0,top,R15,CRCW04021K00FKED,,RES_0402,R_1k_0402,tht,True
47.4542,41.04035,180.0,top,R16,CRCW06030000Z0EA,,RES_0603,R_0_0603,tht,True
31.7022,30.54035,-90.0,top,R17,CRCW04021K00FKED,,RES_0402,R_0_0402,tht,True
41.7772,46.31535,-90.0,top,R18,CRCW06030000Z0EA,,RES_0603,R_0_0603,tht,True
39.21789,53.59035,180.0,top,R19,CRCW06030000Z0EA,,RES_0603,R_0_0603,tht,True
28.67507,61.54035,0.0,top,R20,CRCW06030000Z0EA,,RES_0603,R_0_0603,tht,True
30.3772,46.84035,180.0,top,R21,CRCW06030000Z0EA,,RES_0603,R_0_0603,tht,True
33.81816,54.71535,-90.0,top,R22,CRCW06030000Z0EA,,RES_0603,R_0_0603,tht,True
33.7022,58.29035,90.0,top,R23,CRCW080520R0FKEA,,RES_0805,R_20_0805,tht,True
24.9772,62.64035,180.0,top,R24,CRCW06030000Z0EA,,RES_0603,R_0_0603,tht,True
24.88457,57.574794,0.0,top,R25,TNPW0805100KBEEA,,RES_0805,R_100k_0805_0%1,tht,True
27.9272,57.71535,0.0,top,R26,RG2012P-751-B-T5,,RES_0805,R_750_0805_0%1,tht,True
31.99316,79.3297,90.0,top,R27,CRCW04021K00FKED,,RES_0402,R_0_0402,tht,True
42.7772,82.74035,90.0,top,R28,MCR01MZPF5602,,RES_0402,R_56k_0402,tht,True
50.4772,14.40035,0.0,bottom,R29,CRCW06030000Z0EA,,RES_0603,R_0_0603,tht,True
51.7522,25.14034,-90.0,bottom,R30,DO NOT POPULATE,,RES_0402,R_DNP_0402,tht,True
53.1522,29.69035,-90.0,bottom,R31,CRCW06030000Z0EA,,RES_0603,R_0_0603,tht,True
50.0522,16.12535,-90.0,top,R32,CRCW06030000Z0EA,,RES_0603,R_0_0603,tht,True
50.7022,25.14034,-90.0,bottom,R33,CRCW040230K0FKED,,RES_0402,R_30k_0402,tht,True
49.6646,27.3647,180.0,bottom,R34,CRCW04021M00FKED,,RES_0402,200k 1%,tht,True
49.6272,25.14035,90.0,bottom,R35,CRCW04025K10FKED,,RES_0402,R_5k1_0402,tht,True
47.1346,29.1897,-90.0,bottom,R36,CRCW0402100KFKED,,RES_0402,R_100k_0402,tht,True
47.4522,39.36535,0.0,top,R37,CRCW06030000Z0EA,,RES_0603,R_0_0603,tht,True
28.1772,32.17535,90.0,bottom,R38,WSL0603R0200FEA,,RES_0603,R_20m_0603,tht,True
49.1272,41.81535,180.0,bottom,R39,CRCW06030000Z0EA,,RES_0603,R_0_0603,tht,True
47.4542,39.19035,-90.0,bottom,R40,CRCW0402340KFKED,,RES_0402,R_340k_0402,tht,True
49.3042,39.19035,90.0,bottom,R41,CRCW040215K0FKED,,RES_0402,R_15k_0402,tht,True
48.3792,39.19035,90.0,bottom,R42,CRCW0402200KFKED,,RES_0402,R_200k_0402,tht,True
49.3292,34.46535,90.0,bottom,R43,CRCW040260K4FKED,,RES_0402,R_60k4_0402,tht,True
33.1772,31.70703,90.0,bottom,R44,CRCW040224K9FKED,,RES_0402,R_24k9_0402,tht,True
41.2772,46.49035,180.0,bottom,R45,CRCW06030000Z0EA,,RES_0603,R_0_0603,tht,True
37.9772,51.46535,180.0,bottom,R46,CRCW06030000Z0EA,,RES_0603,R_0_0603,tht,True
49.4022,49.58714,-90.0,bottom,R47,CRCW06030000Z0EA,,RES_0603,R_0_0603,tht,True
43.1772,43.46535,180.0,bottom,R48,CRCW06030000Z0EA,,RES_0603,R_0_0603,tht,True
49.3022,61.06535,-90.0,bottom,R49,CRCW06030000Z0EA,,RES_0603,R_0_0603,tht,True
44.0272,52.31535,180.0,bottom,R50,CRCW06030000Z0EA,,RES_0603,R_0_0603,tht,True
43.5772,55.84035,90.0,bottom,R51,CRCW0402470KFKEDHP,,RES_0402,R_470K,tht,True
41.65039,55.84035,-90.0,bottom,R52,CRCW040269K8FKTD,,RES_0402,R_69k8_0402,tht,True
26.6272,50.44035,-90.0,bottom,R53,CRCW0402100KFKED,,RES_0402,R_100k_0402,tht,True
24.0522,48.29035,180.0,bottom,R54,CRCW0402374KFKED,,RES_0402,R_374k_0402,tht,True
31.1522,56.21535,180.0,bottom,R55,CRCW0402100KFKED,,RES_0402,R_100k_0402,tht,True
28.3772,53.64035,90.0,bottom,R56,CRCW04021R00FNED,,RES_0402,R_1_0402,tht,True
29.18149,48.06535,90.0,bottom,R57,CRCW0402100KFKED,,RES_0402,R_100k_0402,tht,True
27.7272,59.31535,0.0,bottom,R58,CRCW0402113KFKED,,RES_0402,R_113k_0402,tht,True
21.98457,62.179794,-90.0,bottom,R59,CRCW040210K0FKED,,RES_0402,R_10k_0402,tht,True
33.3772,53.1406,90.0,bottom,R60,CRCW04021K00FKED,,RES_0402,R_1k_0402,tht,True
22.27729,53.6406,90.0,bottom,R61,CRCW04021K00FKED,,RES_0402,R_1k_0402,tht,True
25.27741,53.6406,90.0,bottom,R62,CRCW04021M00FKED,,RES_0402,1M ohm 1%,tht,True
27.9772,57.64035,-90.0,bottom,R63,CRCW040249K9FKED,,RES_0402,R_49k9_0402,tht,True
33.4272,47.66535,180.0,bottom,R64,CRCW0402232KFKED,,RES_0402,R_232k_0402,tht,True
26.14957,62.199794,90.0,bottom,R65,CRCW04021K00FKED,,RES_0402,R_1k_0402,tht,True
31.7022,47.69035,180.0,bottom,R66,CRCW0402100KFKED,,RES_0402,R_100k_0402,tht,True
22.71957,59.879794,90.0,bottom,R67,WSL0603R0200FEA,,RES_0603,R_20m_0603,tht,True
24.07957,62.179794,90.0,bottom,R68,CRCW04021K00FKED,,RES_0402,R_1k_0402,tht,True
28.33863,56.14035,180.0,bottom,R69,CRCW0402100KFKED,,RES_0402,R_100k_0402,tht,True
26.6272,32.86335,-90.0,bottom,R70,CRCW0402100KFKED,,RES_0402,R_100k_0402,tht,True
21.82457,30.799794,180.0,bottom,R71,CRCW0402374KFKED,,RES_0402,R_374k_0402,tht,True
31.1522,40.39035,180.0,bottom,R72,CRCW0402100KFKED,,RES_0402,R_100k_0402,tht,True
28.3772,37.79035,90.0,bottom,R73,CRCW04021R00FNED,,RES_0402,R_1_0402,tht,True
30.5522,34.86535,90.0,bottom,R74,CRCW0402100KFKED,,RES_0402,R_100k_0402,tht,True
27.7272,43.46335,0.0,bottom,R75,CRCW0402113KFKED,,RES_0402,R_113k_0402,tht,True
22.25245,44.954924,-90.0,bottom,R76,CRCW040210K0FKED,,RES_0402,R_10k_0402,tht,True
33.3772,37.2886,90.0,bottom,R77,CRCW04021K00FKED,,RES_0402,R_1k_0402,tht,True
22.22457,36.059794,90.0,bottom,R78,CRCW04021K00FKED,,RES_0402,R_1k_0402,tht,True
25.38957,36.059794,90.0,bottom,R79,CRCW04021M00FKED,,RES_0402,1M ohm 1%,tht,True
27.9772,41.78835,-90.0,bottom,R80,CRCW040249K9FKED,,RES_0402,R_49k9_0402,tht,True
25.55772,46.481238,180.0,bottom,R81,CRCW04021K00FKED,,RES_0402,R_1k_0402,tht,True
22.28457,42.779794,90.0,bottom,R82,WSL0603R0200FEA,,RES_0603,R_20m_0603,tht,True
24.25035,44.954794,90.0,bottom,R83,CRCW04021K00FKED,,RES_0402,R_1k_0402,tht,True
28.3522,40.28835,180.0,bottom,R84,CRCW0402100KFKED,,RES_0402,R_100k_0402,tht,True
19.5022,15.40035,90.0,top,R85,CRCW0402100KFKED,,RES_0402,R_100k_0402,tht,True
21.4772,12.00035,180.0,top,R86,CRCW0402374KFKED,,RES_0402,R_374k_0402,tht,True
31.1522,23.46535,180.0,bottom,R87,CRCW0402100KFKED,,RES_0402,R_100k_0402,tht,True
33.21957,22.994794,0.0,bottom,R88,CRCW04021R00FNED,,RES_0402,R_1_0402,tht,True
34.0772,15.14035,90.0,bottom,R89,CRCW0402100KFKED,,RES_0402,R_100k_0402,tht,True
38.2522,36.39035,90.0,bottom,R9,CRCW040230K0FKED,,RES_0402,R_30k_0402,tht,True
27.7272,26.53635,0.0,bottom,R90,CRCW0402113KFKED,,RES_0402,R_113k_0402,tht,True
21.95267,27.263424,-90.0,bottom,R91,CRCW040210K0FKED,,RES_0402,R_10k_0402,tht,True
33.3772,20.3616,90.0,bottom,R92,CRCW04021K00FKED,,RES_0402,R_1k_0402,tht,True
22.50457,18.134794,90.0,bottom,R93,CRCW04021K00FKED,,RES_0402,R_1k_0402,tht,True
25.46457,18.129794,90.0,bottom,R94,CRCW04021M00FKED,,RES_0402,1M ohm 1%,tht,True
27.75,24.57,-90.0,bottom,R95,CRCW040249K9FKED,,RES_0402,R_49k9_0402,tht,True
25.49957,28.614794,180.0,bottom,R96,CRCW04021K00FKED,,RES_0402,R_1k_0402,tht,True
26.66457,20.934794,-90.0,bottom,R97,WSL0603R0200FEA,,RES_0603,R_20m_0603,tht,True
23.95057,27.263294,90.0,bottom,R98,CRCW04021K00FKED,,RES_0402,R_1k_0402,tht,True
28.8522,23.21535,0.0,bottom,R99,CRCW0402100KFKED,,RES_0402,R_100k_0402,tht,True
41.2349,61.26529,90.0,top,RV1,MA100BF103A,,NTC,Thermistor 10k radial NTC,tht,True
46.90108,51.11527,0.0,top,SW1,CT05-1535-J1,,SW_CT05,Reed SW,tht,True
53.73863,19.14283,90.0,top,TP1,,*,TEST_POINT,Test Point,tht,True
51.8172,29.30283,90.0,top,TP10,,*,TEST_POINT,Test Point,tht,True
53.73863,31.84283,90.0,top,TP11,,*,TEST_POINT,Test Point,tht,True
51.8172,31.84283,90.0,top,TP12,,*,TEST_POINT,Test Point,tht,True
53.73863,34.38283,90.0,top,TP13,,*,TEST_POINT,Test Point,tht,True
51.8172,34.38283,90.0,top,TP14,,*,TEST_POINT,Test Point,tht,True
53.73863,36.92283,90.0,top,TP15,,*,TEST_POINT,Test Point,tht,True
51.8172,36.92283,90.0,top,TP16,,*,TEST_POINT,Test Point,tht,True
51.8146,39.4397,90.0,top,TP17,,*,TEST_POINT,Test Point,tht,True
53.73863,39.46283,90.0,top,TP18,,*,TEST_POINT,Test Point,tht,True
53.73863,42.00283,90.0,top,TP19,,*,TEST_POINT,Test Point,tht,True
51.8172,19.14283,90.0,top,TP2,,*,TEST_POINT,Test Point,tht,True
51.8172,42.00283,90.0,top,TP20,,*,TEST_POINT,Test Point,tht,True
53.69097,44.54283,90.0,top,TP21,,*,TEST_POINT,Test Point,tht,True
51.8172,44.54283,90.0,top,TP22,,*,TEST_POINT,Test Point,tht,True
53.69097,47.08283,90.0,top,TP23,,*,TEST_POINT,Test Point,tht,True
51.8172,47.08283,90.0,top,TP24,,*,TEST_POINT,Test Point,tht,True
53.69097,49.62283,90.0,top,TP25,,*,TEST_POINT,Test Point,tht,True
51.8172,49.62283,90.0,top,TP26,,*,TEST_POINT,Test Point,tht,True
53.69097,52.16283,90.0,top,TP27,,*,TEST_POINT,Test Point,tht,True
51.8172,52.16283,90.0,top,TP28,,*,TEST_POINT,Test Point,tht,True
53.69097,54.70283,90.0,top,TP29,,*,TEST_POINT,Test Point,tht,True
53.73863,21.68283,90.0,top,TP3,,*,TEST_POINT,Test Point,tht,True
51.8172,54.70283,90.0,top,TP30,,*,TEST_POINT,Test Point,tht,True
53.71371,57.24283,90.0,top,TP31,,*,TEST_POINT,Test Point,tht,True
51.8172,57.24283,90.0,top,TP32,,*,TEST_POINT,Test Point,tht,True
53.71371,59.78283,90.0,top,TP33,,*,TEST_POINT,Test Point,tht,True
51.8172,59.78283,90.0,top,TP34,,*,TEST_POINT,Test Point,tht,True
53.68701,62.32283,90.0,top,TP35,,*,TEST_POINT,Test Point,tht,True
51.8172,62.32283,90.0,top,TP36,,*,TEST_POINT,Test Point,tht,True
36.355,81.5,0.0,top,TP37,,*,TEST_POINT,Test Point,tht,True
34.4,81.5,0.0,top,TP38,,*,TEST_POINT,Test Point,tht,True
51.8296,21.6797,90.0,top,TP4,,*,TEST_POINT,Test Point,tht,True
53.73863,24.22283,90.0,top,TP5,,*,TEST_POINT,Test Point,tht,True
51.8172,24.22283,90.0,top,TP6,,*,TEST_POINT,Test Point,tht,True
53.73863,26.76283,90.0,top,TP7,,*,TEST_POINT,Test Point,tht,True
51.8172,26.76283,90.0,top,TP8,,*,TEST_POINT,Test Point,tht,True
53.73863,29.30283,90.0,top,TP9,,*,TEST_POINT,Test Point,tht,True
36.9772,56.09034,90.0,bottom,U1,ADS1110A0IDBVT,,SOT23-6,ADC 16bit I2C,tht,True
29.71151,50.29035,180.0,top,U10,EL7156CSZ,,SOIC8-N,Pin driver 15nS,tht,True
31.6272,58.54035,90.0,top,U11,MAX9140EXK+T,,SC70-5,CMP 2.7-5.5V 40ns,tht,True
30.96816,54.69035,-90.0,top,U12,NC7SZ14P5X,,SC70-5,"UHS Inverter,",tht,True
24.9922,60.36535,-90.0,top,U13,MAX6018AEUR21-T,,SOT23-3,REF 2.048V 5uA,tht,True
41.9772,79.34048,0.0,top,U14,CC1101RGPR,,QFN20,RF XCVR,tht,True
46.2272,25.96535,-90.0,bottom,U15,LT1933ES6#TRMPBF,,SOT23-6,BUCK 3.6-36V 600mA,tht,True
46.8832,35.36535,90.0,bottom,U16,LTC3440EDD#TRPBF,,DFN10,BUCK BOOST 2V5-5V5,tht,True
30.6772,32.14035,180.0,bottom,U17,ZXCT1010E5TA,,SOT23-5,"Current Monitor, 2.5V-20V, 1%",tht,True
37.9496,46.4847,180.0,bottom,U18,LTC4411ES5#PBF,,SOT23-5,MAX829EUK,tht,True
46.1772,46.61214,180.0,bottom,U19,LM3670MF-1.8/NOPB,,SOT23-5,BUCK 2.5-5.5V 350mA,tht,True
38.0772,40.64035,0.0,bottom,U2,MAX6018AEUR21-T,,SOT23-3,REF 2.048V 5uA,tht,True
46.7772,58.11535,90.0,bottom,U20,LT3467AES6,,SOT23-6,DC/DC Step-Up,tht,True
43.4696,58.0497,180.0,bottom,U21,AD5246BKS100-R2,,SC70-6,AD5246BKS100-R2,tht,True
24.16957,50.444794,180.0,bottom,U22,LTC4411ES5#PBF,,SOT23-5,Ideal diode 2.6-5.5V 2.6A,tht,True
27.2522,48.06535,180.0,bottom,U23,Si1026X-T1-E3,,SOT-563,"MOSFET 2N, 60V, 0.305A",tht,True
32.31328,57.64035,180.0,bottom,U24,SI1023X-T1-E3,,SOT-563,Dual P-Channel,tht,True
30.35648,61.24655,180.0,bottom,U25,LTC1844ES5-SD,,SOT23-5,VLDO 6.5V 150mA,tht,True
30.77049,53.64035,180.0,bottom,U26,ZXCT1010E5TA,,SOT23-5,"Current Monitor, 2.5V-20V, 1%",tht,True
31.9772,50.877,90.0,bottom,U27,LT6003CDC,,DFN4,Op Amp R-R  1uA,tht,True
24.76035,58.169794,90.0,bottom,U28,BQ27200DRKR,,QFN10,LI-ION Gas Guage I2C,tht,True
29.9772,57.64035,0.0,bottom,U29,Si1026X-T1-E3,,SOT-563,"MOSFET 2N, 60V, 0.305A",tht,True
38.87721,29.56703,90.0,bottom,U3,AT45DB321E-SHF-T,,DFN8,Flash  2.7-3.6V 32Mbit SPI,tht,True
24.16457,32.86323,180.0,bottom,U30,LTC4411ES5#PBF,,SOT23-5,Ideal diode 2.6-5.5V 2.6A,tht,True
28.81098,34.86534,180.0,bottom,U31,Si1026X-T1-E3,,SOT-563,"MOSFET 2N, 60V, 0.305A",tht,True
32.31328,41.78835,180.0,bottom,U32,SI1023X-T1-E3,,SOT-563,Dual P-Channel,tht,True
30.35648,45.39455,180.0,bottom,U33,LTC1844ES5-SD,,SOT23-5,VLDO 6.5V 150mA,tht,True
30.77049,37.78835,180.0,bottom,U34,ZXCT1010E5TA,,SOT23-5,"Current Monitor, 2.5V-20V, 1%",tht,True
32.2272,35.03823,180.0,bottom,U35,LT6003CDC,,DFN4,Op Amp R-R  1uA,tht,True
24.62535,41.004794,90.0,bottom,U36,BQ27200DRKR,,QFN10,LI-ION Gas Guage I2C,tht,True
29.9772,41.78835,0.0,bottom,U37,Si1026X-T1-E3,,SOT-563,"MOSFET 2N, 60V, 0.305A",tht,True
21.4772,14.60035,-90.0,top,U38,LTC4411ES5#PBF,,SOT23-5,Ideal diode 2.6-5.5V 2.6A,tht,True
32.1272,15.13635,180.0,bottom,U39,Si1026X-T1-E3,,SOT-563,"MOSFET 2N, 60V, 0.305A",tht,True
37.9022,20.34456,-90.0,bottom,U4,23K256T-I/ST-ND,,TSSOP-8L,"RAM, 256Kbit, SPI",tht,True
32.31328,24.86135,180.0,bottom,U40,SI1023X-T1-E3,,SOT-563,Dual P-Channel,tht,True
30.68148,27.49255,180.0,bottom,U41,LTC1844ES5-SD,,SOT23-5,VLDO 6.5V 150mA,tht,True
30.77049,20.86135,180.0,bottom,U42,ZXCT1010E5TA,,SOT23-5,"Current Monitor, 2.5V-20V, 1%",tht,True
32.2272,18.098,90.0,bottom,U43,LT6003CDC,,DFN4,Op Amp R-R  1uA,tht,True
24.31722,23.524794,90.0,bottom,U44,BQ27200DRKR,,QFN10,LI-ION Gas Guage I2C,tht,True
30.0022,24.83635,0.0,bottom,U45,Si1026X-T1-E3,,SOT-563,"MOSFET 2N, 60V, 0.305A",tht,True
35.1772,22.31535,90.0,top,U46,,,LQFP64,"ARM Microcontroller, Vcore= 1.8V, VIO=3.3V, 16kB SRAM, 256kB Flash",tht,True
46.9522,53.84035,180.0,top,U47,TPS3805H33DCKR,,SC70-5,RESET 1.3-6.0V,tht,True
24.3272,55.49035,180.0,top,U48,TS5A23166DCUR,,VSSOP8,ANA SW DUAL 1.65-5.5V,tht,True
24.3272,37.91335,180.0,top,U49,TS5A23166DCUR,,VSSOP8,ANA SW DUAL 1.65-5.5V,tht,True
20.6196,79.5147,180.0,top,U5,,,LGA-14L_STM,ISM330ISTR,smt,True
24.3272,20.31135,180.0,top,U50,TS5A23166DCUR,,VSSOP8,ANA SW DUAL 1.65-5.5V,tht,True
44.8346,30.3397,0.0,bottom,U51,AD5246BKS100-R2,,SC70-6,AD5247BKSZ100-1RL7,tht,True
26.0772,31.79035,-90.0,top,U6,LTC6930CMS8-5.00#PBF,,MSOP-8L,OSC ADJ 1.7-5.5V 5MHz,tht,True
35.4522,38.29035,180.0,top,U7,XCR3032XL-10VQ44I,,VQFP-44,CPLD 3.3V 10nS XPLA3,tht,True
38.5272,50.28535,180.0,top,U8,EL7156CSZ,,SOIC8-N,Pin driver 15nS,tht,True
38.5272,56.74035,180.0,top,U9,EL7156CSZ,,SOIC8-N,Pin driver 15nS,tht,True
36.9272,76.19035,180.0,top,Y1,NX2520SA-26.000000MHZ,,NX2520SA,OSC 26MHz 2.5x2.0x0.7mm,tht,True
24.2522,24.34035,90.0,top,Y2,ECS-100-20-30B-TR,,ECX-53B,10MHz 20pF SMD,tht,True
