Altium Designer Pick and Place Locations,,,,,,,
C:\Crishtronics\Power_Module\Altium_Source\PCB_Project\Pick Place for PM1B_Rev_0_1.csv,,,,,,,
,,,,,,,
========================================================================================================================,,,,,,,
File Design Information:,,,,,,,
,,,,,,,
Date:       29/09/24,,,,,,,
Time:       09:40,,,,,,,
Revision:   Not in VersionControl,,,,,,,
Variant:    No variations,,,,,,,
Units used: mm,,,,,,,
,,,,,,,
Designator,Comment,Layer,Footprint,Center-X(mm),Center-Y(mm),Rotation,Description
Fid17,Fiducial 1.00 mm,TopLayer,FID,"40,000","39,127",0,
M6,Mire 2.00 mm,TopLayer,MIRE,"800,000","99,127",0,
M5,Mire 2.00 mm,TopLayer,MIRE,"40,000","99,127",0,
M4,Mire 2.00 mm,TopLayer,MIRE,"40,000","839,127",0,
M3,Mire 2.00 mm,TopLayer,MIRE,"800,000","839,127",0,
Fid16,Fiducial 1.00 mm,TopLayer,FID,"560,000","749,127",0,
Fid15,Fiducial 1.00 mm,TopLayer,FID,"215,000","624,127",0,
Fid14,Fiducial 1.00 mm,BottomLayer,FID,"500,000","631,627",180,
Fid13,Fiducial 1.00 mm,BottomLayer,FID,"200,000","129,127",180,
Fid12,Fiducial 1.00 mm,TopLayer,FID,"540,000","139,127",0,
Fid11,Fiducial 1.00 mm,TopLayer,FID,"170,000","829,127",0,
Fid10,Fiducial 1.00 mm,TopLayer,FID,"40,000","99,127",0,
Fid3,Fiducial 1.00 mm,BottomLayer,FID,"40,000","899,127",180,
Fid9,Fiducial 1.00 mm,BottomLayer,FID,"800,000","39,127",180,
Fid8,Fiducial 1.00 mm,TopLayer,FID,"800,000","899,127",0,
C34,C_100n_X7R_16_0402_10%,TopLayer,CAP_0402,"455,526","815,615",0,C_100n_X7R_16_0402_10%
X41,HOLE_30m,MidLayer4,FEEDHOLE_30MIL,"257,890","828,627",90,Hole 30mil
U5,"Tri-axis accelerometer, I2C",TopLayer,lga10,"204,761","791,460",270,"Tri-axis accelerometer, I2C,  LGA10, RoHS"
C59,C_100n_X7R_16_0402_10%,TopLayer,CAP_0402,"427,261","614,460",90,"0.1uF, 16V, X7R, 0402, RoHS"
L9,L_2u7_1A8_2626_20%,TopLayer,IND-ELL-6RH,"470,526","589,615",270,L 2.7uH 1.8A 2626 20%
RV1,Thermistor 10k radial NTC,TopLayer,NTC,"412,353","618,214",90,Thermistor 10k radial NTC
TP36,Test Point,TopLayer,TEST_POINT,"518,176","622,439",90,Test Point Pad 1.00 mm
TP35,Test Point,TopLayer,TEST_POINT,"536,874","622,439",90,Test Point Pad 1.00 mm
TP34,Test Point,TopLayer,TEST_POINT,"518,176","597,039",90,Test Point Pad 1.00 mm
TP33,Test Point,TopLayer,TEST_POINT,"537,141","597,039",90,Test Point Pad 1.00 mm
TP32,Test Point,TopLayer,TEST_POINT,"518,176","571,639",90,Test Point Pad 1.00 mm
TP31,Test Point,TopLayer,TEST_POINT,"537,141","571,639",90,Test Point Pad 1.00 mm
TP30,Test Point,TopLayer,TEST_POINT,"518,176","546,239",90,Test Point Pad 1.00 mm
TP29,Test Point,TopLayer,TEST_POINT,"536,914","546,239",90,Test Point Pad 1.00 mm
TP28,Test Point,TopLayer,TEST_POINT,"518,176","520,839",90,Test Point Pad 1.00 mm
TP27,Test Point,TopLayer,TEST_POINT,"536,914","520,839",90,Test Point Pad 1.00 mm
TP26,Test Point,TopLayer,TEST_POINT,"518,176","495,439",90,Test Point Pad 1.00 mm
TP25,Test Point,TopLayer,TEST_POINT,"536,914","495,439",90,Test Point Pad 1.00 mm
TP24,Test Point,TopLayer,TEST_POINT,"518,176","470,039",90,Test Point Pad 1.00 mm
TP23,Test Point,TopLayer,TEST_POINT,"536,914","470,039",90,Test Point Pad 1.00 mm
TP22,Test Point,TopLayer,TEST_POINT,"518,176","444,639",90,Test Point Pad 1.00 mm
TP21,Test Point,TopLayer,TEST_POINT,"536,914","444,639",90,Test Point Pad 1.00 mm
TP20,Test Point,TopLayer,TEST_POINT,"518,176","419,239",90,Test Point Pad 1.00 mm
TP19,Test Point,TopLayer,TEST_POINT,"537,390","419,239",90,Test Point Pad 1.00 mm
TP18,Test Point,TopLayer,TEST_POINT,"537,390","393,839",90,Test Point Pad 1.00 mm
TP17,Test Point,TopLayer,TEST_POINT,"518,176","216,039",90,Test Point Pad 1.00 mm
TP16,Test Point,TopLayer,TEST_POINT,"518,176","368,439",90,Test Point Pad 1.00 mm
TP15,Test Point,TopLayer,TEST_POINT,"537,390","368,439",90,Test Point Pad 1.00 mm
TP14,Test Point,TopLayer,TEST_POINT,"518,176","343,039",90,Test Point Pad 1.00 mm
TP13,Test Point,TopLayer,TEST_POINT,"537,390","343,039",90,Test Point Pad 1.00 mm
TP12,Test Point,TopLayer,TEST_POINT,"518,176","317,639",90,Test Point Pad 1.00 mm
TP11,Test Point,TopLayer,TEST_POINT,"537,390","317,639",90,Test Point Pad 1.00 mm
TP10,Test Point,TopLayer,TEST_POINT,"518,176","292,239",90,Test Point Pad 1.00 mm
TP9,Test Point,TopLayer,TEST_POINT,"537,390","292,239",90,Test Point Pad 1.00 mm
TP8,Test Point,TopLayer,TEST_POINT,"518,176","266,839",90,Test Point Pad 1.00 mm
TP7,Test Point,TopLayer,TEST_POINT,"537,390","266,839",90,Test Point Pad 1.00 mm
TP6,Test Point,TopLayer,TEST_POINT,"518,176","241,439",90,Test Point Pad 1.00 mm
TP5,Test Point,TopLayer,TEST_POINT,"537,390","241,439",90,Test Point Pad 1.00 mm
TP4,Test Point,TopLayer,TEST_POINT,"518,176","393,839",90,Test Point Pad 1.00 mm
TP3,Test Point,TopLayer,TEST_POINT,"537,390","216,039",90,Test Point Pad 1.00 mm
TP2,Test Point,TopLayer,TEST_POINT,"518,176","190,639",90,Test Point Pad 1.00 mm
TP1,Test Point,TopLayer,TEST_POINT,"537,390","190,639",90,Test Point Pad 1.00 mm
R128,R_49k9_0402,TopLayer,RES_0402,"218,776","224,115",270,R 49.9k 0402 1% 63mW
R124,R_49k9_0402,TopLayer,RES_0402,"228,276","399,595",270,R 49.9k 0402 1% 63mW
R123,R_49k9_0402,TopLayer,RES_0402,"238,776","356,615",270,R 49.9k 0402 1% 63mW
R120,R_49k9_0402,TopLayer,RES_0402,"228,276","575,365",270,R 49.9k 0402 1% 63mW
R119,R_49k9_0402,TopLayer,RES_0402,"238,776","532,498",270,R 49.9k 0402 1% 63mW
U50,ANA SW DUAL 1.65-5.5V,TopLayer,VSSOP8,"243,276","202,325",180,ANA SW DUAL 5.5V SSOP8
U49,ANA SW DUAL 1.65-5.5V,TopLayer,VSSOP8,"243,276","378,345",180,ANA SW DUAL 5.5V SSOP8
U48,ANA SW DUAL 1.65-5.5V,TopLayer,VSSOP8,"243,276","554,115",180,ANA SW DUAL 5.5V SSOP8
C100,C_100n_X7R_16_0402_10%,TopLayer,CAP_0402,"228,276","180,575",270,C_100n_X7R_16_0402_10%
C98,C_100n_X7R_16_0402_10%,TopLayer,CAP_0402,"228,276","356,595",270,C_100n_X7R_16_0402_10%
C96,C_100n_X7R_16_0402_10%,TopLayer,CAP_0402,"228,276","532,365",270,C_100n_X7R_16_0402_10%
R129,R_49k9_0402,TopLayer,RES_0402,"456,904","164,204",180,R 49.9k 0402 1% 63mW
R126,R_200k_0402,TopLayer,RES_0402,"474,654","164,204",180,R 200k 0402 1% 63mW
R125,R_150k_0402,TopLayer,RES_0402,"456,904","153,454",180,R 150k 0402 1% 63mW
R122,R_100k_0402,TopLayer,RES_0402,"474,654","153,454",180,R 100k 0402 1% 63mW
R121,R_49k9_0402,TopLayer,RES_0402,"359,776","138,215",0,R 49.9k 0402 1% 63mW
R118,R_549k_0402,TopLayer,RES_0402,"341,526","138,215",0,R 549k 0402 1% 63mW
C101,C_100n_X7R_16_0402_10%,TopLayer,CAP_0402,"437,426","164,215",0,C_100n_X7R_16_0402_10%
C99,C_100n_X7R_16_0402_10%,TopLayer,CAP_0402,"437,427","153,715",0,C_100n_X7R_16_0402_10%
C97,C_100n_X7R_16_0402_10%,TopLayer,CAP_0402,"374,276","142,215",270,C_100n_X7R_16_0402_10%
R13,R_0_0603,BottomLayer,RES_0603,"402,776","166,115",270,R 0 0603
R14,R_0_0603,TopLayer,RES_0603,"204,776","816,615",180,R 0 0603
R12,R_DNP_0402,BottomLayer,RES_0402,"395,276","363,115",270,DO NOT POPULATE
R9,R_30k_0402,BottomLayer,RES_0402,"382,526","363,115",90,R 30k 0402 1% 63mW
R11,R_0_0603,BottomLayer,RES_0603,"388,776","348,781",180,R 0 0603
U4,"RAM, 256Kbit, SPI,",BottomLayer,TSSOP-8L,"379,026","202,657",270,RAM 256Kbit SPI TSSOP8
C6,C_100n_X7R_16_0402_10%,BottomLayer,CAP_0402,"372,526","154,407",270,C_100n_X7R_16_0402_10%
C7,C_100n_X7R_16_0402_10%,TopLayer,CAP_0402,"177,776","791,615",180,C_100n_X7R_16_0402_10%
C3,C_100n_X7R_16_0402_10%,BottomLayer,CAP_0402,"388,776","336,781",0,C_100n_X7R_16_0402_10%
U3,Flash  2.7-3.6V 32Mbit SPI,BottomLayer,DFN8,"388,776","294,882",90,Flash 32M 8 I/O Pins SPI RapidS 528B 2.7V
Y2,10MHz 20pF SMD,TopLayer,ECX-53B,"242,526","242,615",90,Crystal 10MHz 20pF HC-49US
R117,R_100k_0402,BottomLayer,RES_0402,"356,776","194,865",270,"100k ohm, 1%, 1/16W, smd, 0402, RoHS"
R116,R_10k_0402,BottomLayer,RES_0402,"411,276","187,115",90,"10.0k ohm, 1%, 1/16W, smd, 0402, RoHS"
R115,R_100k_0402,BottomLayer,RES_0402,"424,276","188,715",90,"100k ohm, 1%, 1/16W, smd, 0402, RoHS"
R114,R_100k_0402,TopLayer,RES_0402,"274,026","274,615",0,"100k ohm, 1%, 1/16W, smd, 0402, RoHS"
R113,R_100k_0402,BottomLayer,RES_0402,"432,276","167,115",270,"100k ohm, 1%, 1/16W, smd, 0402, RoHS"
R112,R_100k_0402,TopLayer,RES_0402,"274,776","177,365",0,"100k ohm, 1%, 1/16W, smd, 0402, RoHS"
LED1,LED Red 0402,TopLayer,LED_0402_RED,"426,026","296,365",90,"LED, Red, 0402, 20mA ,2V, 140mcd, RoHS"
R111,R_10k_0402,TopLayer,RES_0402,"426,026","278,365",90,"10.0k ohm, 1%, 1/16W, smd, 0402, RoHS"
R103,R_10k_0402,TopLayer,RES_0402,"295,776","150,810",270,"10.0k ohm, 1%, 1/16W, smd, 0402, RoHS"
R110,R_10k_0402,BottomLayer,RES_0402,"283,776","187,365",0,"10.0k ohm, 1%, 1/16W, smd, 0402, RoHS"
R109,R_10k_0402,TopLayer,RES_0402,"426,026","260,865",270,"10.0k ohm, 1%, 1/16W, smd, 0402, RoHS"
R108,R_10k_0402,BottomLayer,RES_0402,"331,777","269,865",270,"10.0k ohm, 1%, 1/16W, smd, 0402, RoHS"
R107,R_10k_0402,BottomLayer,RES_0402,"411,276","228,115",90,"10.0k ohm, 1%, 1/16W, smd, 0402, RoHS"
R106,R_10k_0402,BottomLayer,RES_0402,"411,276","204,865",90,"10.0k ohm, 1%, 1/16W, smd, 0402, RoHS"
R104,R_0_0805,BottomLayer,RES_0805,"406,526","424,865",270,"0.0 ohm, 1/8W, 0805, RoHS"
R100,R_0_0805,TopLayer,RES_0805,"446,026","187,365",180,"0.0 ohm, 1/8W, 0805, RoHS"
R101,R_0_0402,TopLayer,RES_0402,"442,526","549,115",270,"0.0 ohm, 1/16W, 0402, RoHS"
R105,R_100k_0402,TopLayer,RES_0402,"431,776","532,115",90,"100k ohm, 1%, 1/16W, smd, 0402, RoHS"
R102,R_38k3_0402,TopLayer,RES_0402,"442,526","532,115",270,"38.3k ohm, 1%, 1/16W, 0402, RoHS"
U47,RESET 1.3-6.0V,TopLayer,SC70-5,"469,526","537,615",180,"Voltage detector Reset, SC70-5, RoHS"
U46,ARM UC 1.8Vcore 3.3VIO 16kB RAM 256kB FLA QFP,TopLayer,LQFP64,"351,776","222,365",90,uC 1.8Vcore 3.3VIO 16kB RAM 256kB FLA QFP
C92,C_100n_X7R_50_0603_10%,TopLayer,CAP_0603,"316,776","147,310",0,"0.1uF, 50V, X7R, 10%, 0603, RoHS"
C91,C_39p_C0G_50_0402_5%,TopLayer,CAP_0402,"266,526","224,365",90,"39pF, 50V, C0G, 5%, 0402, RoHS"
C87,C_39p_C0G_50_0402_5%,TopLayer,CAP_0402,"233,776","279,282",90,"39pF, 50V, C0G, 5%, 0402, RoHS"
C95,C_100n_X7R_16_0402_10%,TopLayer,CAP_0402,"274,276","259,865",180,"0.1uF, 16V, X7R, 0402, RoHS"
C94,C_100n_X7R_16_0402_10%,TopLayer,CAP_0402,"425,276","187,365",90,"0.1uF, 16V, X7R, 0402, RoHS"
C93,C_100n_X7R_16_0402_10%,TopLayer,CAP_0402,"274,776","187,615",180,"0.1uF, 16V, X7R, 0402, RoHS"
C89,C_100n_X7R_16_0402_10%,TopLayer,CAP_0402,"425,276","219,865",90,"0.1uF, 16V, X7R, 0402, RoHS"
C88,C_100n_X7R_16_0402_10%,TopLayer,CAP_0402,"341,526","148,365",180,"0.1uF, 16V, X7R, 0402, RoHS"
C86,C_100n_X7R_16_0402_10%,TopLayer,CAP_0402,"274,276","249,865",180,"0.1uF, 16V, X7R, 0402, RoHS"
C85,C_100n_X7R_16_0402_10%,TopLayer,CAP_0402,"344,276","295,365",0,"0.1uF, 16V, X7R, 0402, RoHS"
C90,C_100n_X7R_16_0402_10%,TopLayer,CAP_0402,"431,776","549,115",90,"0.1uF, 16V, X7R, 0402, RoHS"
SW1,Reed SW,TopLayer,SW_CT05,"469,015","510,364",0,"Reed SW, RoHS"
R97,R_20m_0603,BottomLayer,RES_0603,"206,526","239,825",90,R 0.02 0603 1% 100mW
R98,R_1k_0402,BottomLayer,RES_0402,"226,526","269,325",90,R 1k 0402
R96,R_1k_0402,BottomLayer,RES_0402,"256,526","269,325",90,R 1k 0402
R91,R_10k_0402,BottomLayer,RES_0402,"206,547","269,326",270,R 10k 0402 1% 63mW
R94,RES_0402,BottomLayer,RES_0402,"252,776","190,365",90,R 1M 0402 1% 63mW
R93,R_1k_0402,BottomLayer,RES_0402,"222,776","190,365",90,R 1k 0402
R95,R_49k9_0402,BottomLayer,RES_0402,"279,526","244,365",270,R 49.9k 0402 1% 63mW
R90,R_113k_0402,BottomLayer,RES_0402,"277,276","264,575",0,R 113k 0402 1% 63mW
R99,R_100k_0402,BottomLayer,RES_0402,"288,526","231,365",0,R 100k 0402 1% 63mW
R92,R_1k_0402,BottomLayer,RES_0402,"333,776","202,827",90,R 1k 0402
R88,R_1_0402,BottomLayer,RES_0402,"283,276","206,865",90,R 1 0402 1% 63mW
R89,R_100k_0402,BottomLayer,RES_0402,"340,776","150,615",90,R 100k 0402 1% 63mW
R87,R_100k_0402,BottomLayer,RES_0402,"311,526","233,865",180,R 100k 0402 1% 63mW
R86,R_374k_0402,TopLayer,RES_0402,"214,776","119,215",180,R 374k 0402 1% 63mW
R85,R_100k_0402,TopLayer,RES_0402,"195,026","153,215",90,R 100k 0402 1% 63mW
U45,"MOSFET 2N, 60V, 0.305A",BottomLayer,SOT-563,"300,026","247,575",0,M_60_500m_SOT563 Dual 1R4
U40,Dual P-Channel,BottomLayer,SOT-563,"323,137","247,825",180,M_-20_-350m_SOT563 dual 1R2
U39,"MOSFET 2N, 60V, 0.305A",BottomLayer,SOT-563,"321,276","150,575",180,M_60_500m_SOT563 Dual 1R4
U38,Ideal diode 2.6-5.5V 2.6A,TopLayer,SOT23-5,"214,776","145,215",270,Ideal diode 2.6-5.5V 2.6A
U42,"Current Monitor, 2.5V-20V, 1%",BottomLayer,SOT23-5,"307,709","207,825",180,CUR 2.5-20V SOT23-5
U44,LI-ION Gas Guage I2C,BottomLayer,QFN10,"230,276","229,825",90,LI-ION I2C QFN10
U43,Op Amp R-R  1uA,BottomLayer,DFN4,"322,276","174,441",90,OPA 16V 1uA DFN5
U41,VLDO 6.5V 150mA,BottomLayer,SOT23-5,"306,819","274,137",180,VLDO 6.5V 150mA SOT23-5
BAT3,BAT 200mAH 4.1V,TopLayer,QL0200I-A,"123,286","230,283",270,Li-ion battery 200mAH 4.1V
F4,F_500m_1206,TopLayer,FUSE_1206,"166,276","261,310",90,F_500m_1206 PTC Resettable 500mA 0.4ohm 6V
C81,C_100n_X7R_16_0402_10%,BottomLayer,CAP_0402,"242,776","190,365",270,C_100n_X7R_16_0402_10%
C82,C_100n_X7R_16_0402_10%,BottomLayer,CAP_0402,"232,776","190,365",270,C_100n_X7R_16_0402_10%
C84,C_100n_X7R_16_0402_10%,BottomLayer,CAP_0402,"236,526","269,325",270,C_100n_X7R_16_0402_10%
C83,C_100n_X7R_16_0402_10%,BottomLayer,CAP_0402,"246,527","269,326",90,C_100n_X7R_16_0402_10%
C80,C_100n_X7R_16_0402_10%,BottomLayer,CAP_0402,"216,526","269,326",90,C_100n_X7R_16_0402_10%
C79,C_1n_C0G_50_0402_5%,BottomLayer,CAP_0402,"277,276","276,365",180,C_1n_C0G_50_0402_5%
C78,C_4u7_X5R_10_0603_10%,BottomLayer,CAP_0603,"263,526","197,365",270,C_4u7_X5R_10_0603_10%
C77,C_4u7_X5R_10_0603_10%,TopLayer,CAP_0603,"243,776","139,215",90,C_4u7_X5R_10_0603_10%
R82,R_20m_0603,BottomLayer,RES_0603,"206,526","415,845",90,R 0.02 0603 1% 100mW
R83,R_1k_0402,BottomLayer,RES_0402,"226,526","445,345",90,R 1k 0402
R81,R_1k_0402,BottomLayer,RES_0402,"256,526","445,365",90,R 1k 0402
R76,R_10k_0402,BottomLayer,RES_0402,"206,547","445,346",270,R 10k 0402 1% 63mW
R79,RES_0402,BottomLayer,RES_0402,"252,778","359,847",90,R 1M 0402 1% 63mW
R78,R_1k_0402,BottomLayer,RES_0402,"222,777","359,847",90,R 1k 0402
R80,R_49k9_0402,BottomLayer,RES_0402,"279,776","417,095",270,R 49.9k 0402 1% 63mW
R75,R_113k_0402,BottomLayer,RES_0402,"277,276","433,845",0,R 113k 0402 1% 63mW
R84,R_100k_0402,BottomLayer,RES_0402,"283,526","402,095",180,R 100k 0402 1% 63mW
R77,R_1k_0402,BottomLayer,RES_0402,"333,776","372,097",90,R 1k 0402
R73,R_1_0402,BottomLayer,RES_0402,"283,776","377,115",90,R 1 0402 1% 63mW
R74,R_100k_0402,BottomLayer,RES_0402,"305,526","347,865",90,R 100k 0402 1% 63mW
R72,R_100k_0402,BottomLayer,RES_0402,"311,526","403,115",180,R 100k 0402 1% 63mW
R71,R_374k_0402,BottomLayer,RES_0402,"215,526","306,615",90,R 374k 0402 1% 63mW
R70,R_100k_0402,BottomLayer,RES_0402,"266,276","327,845",270,R 100k 0402 1% 63mW
U37,"MOSFET 2N, 60V, 0.305A",BottomLayer,SOT-563,"299,776","417,095",0,M_60_500m_SOT563 Dual 1R4
U32,Dual P-Channel,BottomLayer,SOT-563,"323,137","417,095",180,M_-20_-350m_SOT563 dual 1R2
U31,"MOSFET 2N, 60V, 0.305A",BottomLayer,SOT-563,"288,114","347,865",180,M_60_500m_SOT563 Dual 1R4
U30,Ideal diode 2.6-5.5V 2.6A,BottomLayer,SOT23-5,"240,776","327,843",180,Ideal diode 2.6-5.5V 2.6A
U34,"Current Monitor, 2.5V-20V, 1%",BottomLayer,SOT23-5,"307,709","377,095",180,CUR 2.5-20V SOT23-5
U36,LI-ION Gas Guage I2C,BottomLayer,QFN10,"230,276","405,845",90,LI-ION I2C QFN10
U35,Op Amp R-R  1uA,BottomLayer,DFN4,"328,026","349,593",180,OPA 16V 1uA DFN5
U33,VLDO 6.5V 150mA,BottomLayer,SOT23-5,"303,569","453,157",180,VLDO 6.5V 150mA SOT23-5
BAT2,BAT 200mAH 4.1V,TopLayer,QL0200I-A,"123,286","406,051",270,Li-ion battery 200mAH 4.1V
F3,F_500m_1206,TopLayer,FUSE_1206,"166,276","437,810",90,F_500m_1206 PTC Resettable 500mA 0.4ohm 6V
C73,C_100n_X7R_16_0402_10%,BottomLayer,CAP_0402,"242,778","359,847",270,C_100n_X7R_16_0402_10%
C74,C_100n_X7R_16_0402_10%,BottomLayer,CAP_0402,"232,778","359,847",270,C_100n_X7R_16_0402_10%
C76,C_100n_X7R_16_0402_10%,BottomLayer,CAP_0402,"236,526","445,365",270,C_100n_X7R_16_0402_10%
C75,C_100n_X7R_16_0402_10%,BottomLayer,CAP_0402,"246,526","445,365",90,C_100n_X7R_16_0402_10%
C72,C_100n_X7R_16_0402_10%,BottomLayer,CAP_0402,"216,526","445,346",90,C_100n_X7R_16_0402_10%
C71,C_1n_C0G_50_0402_5%,BottomLayer,CAP_0402,"279,777","457,595",90,C_1n_C0G_50_0402_5%
C70,C_4u7_X5R_10_0603_10%,BottomLayer,CAP_0603,"263,277","359,847",270,C_4u7_X5R_10_0603_10%
C69,C_4u7_X5R_10_0603_10%,BottomLayer,CAP_0603,"215,776","330,343",270,C_4u7_X5R_10_0603_10%
R67,R_20m_0603,BottomLayer,RES_0603,"206,526","591,615",90,R 0.02 0603 1% 100mW
R68,R_1k_0402,BottomLayer,RES_0402,"226,526","621,115",90,R 1k 0402
R65,R_1k_0402,BottomLayer,RES_0402,"246,526","621,115",90,R 1k 0402
R59,R_10k_0402,BottomLayer,RES_0402,"206,547","621,116",270,R 10k 0402 1% 63mW
R62,RES_0402,BottomLayer,RES_0402,"252,778","535,617",90,R 1M 0402 1% 63mW
R61,R_1k_0402,BottomLayer,RES_0402,"222,777","535,617",90,R 1k 0402
R63,R_49k9_0402,BottomLayer,RES_0402,"279,776","575,615",270,R 49.9k 0402 1% 63mW
R58,R_113k_0402,BottomLayer,RES_0402,"277,276","592,365",0,R 113k 0402 1% 63mW
R69,R_100k_0402,BottomLayer,RES_0402,"283,390","560,615",180,R 100k 0402 1% 63mW
R66,R_100k_0402,BottomLayer,RES_0402,"317,026","476,115",180,R 100k 0402 1% 63mW
R64,R_232k_0402,BottomLayer,RES_0402,"334,276","475,865",180,R 232k 0402 1% 63mW
R60,R_1k_0402,BottomLayer,RES_0402,"333,776","530,617",90,R 1k 0402
R56,R_1_0402,BottomLayer,RES_0402,"283,776","535,615",90,R 1 0402 1% 63mW
R57,R_100k_0402,BottomLayer,RES_0402,"291,819","479,865",90,R 100k 0402 1% 63mW
R55,R_100k_0402,BottomLayer,RES_0402,"311,526","561,365",180,R 100k 0402 1% 63mW
R54,R_374k_0402,BottomLayer,RES_0402,"240,526","482,115",180,R 374k 0402 1% 63mW
R53,R_100k_0402,BottomLayer,RES_0402,"266,276","503,615",270,R 100k 0402 1% 63mW
U29,"MOSFET 2N, 60V, 0.305A",BottomLayer,SOT-563,"299,776","575,615",0,M_60_500m_SOT563 Dual 1R4
U24,Dual P-Channel,BottomLayer,SOT-563,"323,137","575,615",180,M_-20_-350m_SOT563 dual 1R2
U23,"MOSFET 2N, 60V, 0.305A",BottomLayer,SOT-563,"272,526","479,865",180,M_60_500m_SOT563 Dual 1R4
U22,Ideal diode 2.6-5.5V 2.6A,BottomLayer,SOT23-5,"240,776","503,613",180,Ideal diode 2.6-5.5V 2.6A
U26,"Current Monitor, 2.5V-20V, 1%",BottomLayer,SOT23-5,"307,709","535,615",180,CUR 2.5-20V SOT23-5
U28,LI-ION Gas Guage I2C,BottomLayer,QFN10,"230,276","581,615",90,LI-ION I2C QFN10
U27,Op Amp R-R  1uA,BottomLayer,DFN4,"319,776","502,231",90,OPA 16V 1uA DFN5
U25,VLDO 6.5V 150mA,BottomLayer,SOT23-5,"303,569","611,677",180,VLDO 6.5V 150mA SOT23-5
BAT1,BAT 200mAH 4.1V,TopLayer,QL0200I-A,"123,116","582,013",270,Li-ion battery 200mAH 4.1V
F2,F_500m_1206,TopLayer,FUSE_1206,"166,276","612,810",90,F_500m_1206 PTC Resettable 500mA 0.4ohm 6V
C64,C_100n_X7R_16_0402_10%,BottomLayer,CAP_0402,"242,778","535,617",270,C_100n_X7R_16_0402_10%
C65,C_100n_X7R_16_0402_10%,BottomLayer,CAP_0402,"232,778","535,617",270,C_100n_X7R_16_0402_10%
C68,C_100n_X7R_16_0402_10%,BottomLayer,CAP_0402,"236,526","621,115",270,C_100n_X7R_16_0402_10%
C67,C_100n_X7R_16_0402_10%,BottomLayer,CAP_0402,"256,526","621,115",90,C_100n_X7R_16_0402_10%
C63,C_100n_X7R_16_0402_10%,BottomLayer,CAP_0402,"216,526","621,115",90,C_100n_X7R_16_0402_10%
C66,C_1u_X5R_6V3_0402_20%,BottomLayer,CAP_0402,"327,026","486,490",0,C_1u_X5R_6V3_0402_20%
C62,C_1n_C0G_50_0402_5%,BottomLayer,CAP_0402,"279,776","616,115",90,C_1n_C0G_50_0402_5%
C61,C_4u7_X5R_10_0603_10%,BottomLayer,CAP_0603,"263,277","535,617",270,C_4u7_X5R_10_0603_10%
C60,C_4u7_X5R_10_0603_10%,BottomLayer,CAP_0603,"215,776","506,115",270,C_4u7_X5R_10_0603_10%
D10,D_20_1_SOD123W,BottomLayer,SOD123,"497,026","548,865",90,D_20_1_SOD123W
R52,R_43k2_0402,BottomLayer,RES_0402,"416,508","557,615",270,Resistor 43.2k 0402 1% 63mW
R51,R_374k_0402,BottomLayer,RES_0402,"435,776","557,615",90,Resistor 374k 0402 1% 63mW
R50,R_0_0603,BottomLayer,RES_0603,"440,276","522,365",180,R 0 0603
R49,R_0_0603,BottomLayer,RES_0603,"493,026","609,865",270,R 0 0603
U21,"DIGPOT, 100Kohm, I2C,",BottomLayer,SC70-6,"434,776","579,615",180,DIGPOT 100Kohm I2C SC70
U20,DC/DC Step-Up,BottomLayer,SOT23-6,"467,776","580,365",90,DC Booster 2.4-16V TSOT23
C58,C_4n7_C0G_50_0402_10%,BottomLayer,CAP_0402,"467,776","609,865",90,C_4n7_C0G_50_0402_10%
C57,C_10p_C0G_50_0402_5%,BottomLayer,CAP_0402,"446,526","557,615",90,C_10p_C0G_50_0402_5%
C56,C_10u_X7S_50_1210_20%,BottomLayer,CAP_1210,"467,776","537,365",90,C_10u_X7S_50_1210_20%
C55,C_4u7_X5R_10_0603_10%,BottomLayer,CAP_0603,"493,026","586,615",270,C_4u7_X5R_10_0603_10%
L8,L_10u_1A1_2626_20%,TopLayer,IND-ELL-6RH,"469,776","456,615",270,L 10uH 1.1A 2626 20%
R48,R_0_0603,BottomLayer,RES_0603,"431,776","433,865",180,R 0 0603
R47,R_0_0603,BottomLayer,RES_0603,"494,026","495,083",270,R 0 0603
U19,BUCK 2.5-5.5V 350mA,BottomLayer,SOT23-5,"461,776","465,333",180,BUCK 2.5-5.5V 350mA SOT23-5
C53,C_10u_X5R_6V3_0603_20%,BottomLayer,CAP_0603,"455,776","434,083",0,C_10u_X5R_6V3_0603_20%
C54,C_4u7_X5R_10_0603_10%,BottomLayer,CAP_0603,"494,026","472,333",270,C_4u7_X5R_10_0603_10%
R46,R_0_0603,BottomLayer,RES_0603,"379,776","513,865",180,R 0 0603
R45,R_0_0603,BottomLayer,RES_0603,"412,776","464,115",180,R 0 0603
U18,Voltage inverter 1.15-5.5V 50mA,BottomLayer,SOT23-6,"379,775","464,115",180,Voltage inverter 1.15-5.5V 50mA SOT23-6
C52,C_4u7_X5R_10_0603_10%,BottomLayer,CAP_0603,"379,776","499,115",180,C_4u7_X5R_10_0603_10%
C51,C_4u7_X5R_10_0603_10%,BottomLayer,CAP_0603,"379,776","486,490",0,C_4u7_X5R_10_0603_10%
R43,R_60k4_0402,BottomLayer,RES_0402,"493,296","343,865",90,Resistor 60.4k 0402 1% 63mW
R41,R_15k_0402,BottomLayer,RES_0402,"493,046","391,115",90,Resistor 15K 0402 1% 63mW
R42,R_200k_0402,BottomLayer,RES_0402,"483,796","391,115",90,Resistor 200k 0402 1% 63mW
R40,R_340k_0402,BottomLayer,RES_0402,"474,546","391,115",270,Resistor 340k 0402 1% 63mW
L7,L_10u_1A6_3030_20%,TopLayer,IND-P1166NL,"469,526","345,115",180,L 10uH 1.6A 3030 20%
R37,R_0_0603,TopLayer,RES_0603,"474,526","392,865",0,R 0 0603
R39,R_0_0603,BottomLayer,RES_0603,"491,276","417,365",180,R 0 0603
U16,BUCK BOOST 2V5-5V5,BottomLayer,DFN10,"468,836","352,865",90,BUCK BOOST 2V5-5V5 DFN
C48,C_22u_X5R_6V3_0805_20%,BottomLayer,CAP_0805,"443,296","361,865",270,C_22u_X5R_6V3_0805_20%
C50,C_1n5_X7R_50_0402_10%,BottomLayer,CAP_0402,"493,046","371,865",90,C_1n5_X7R_50_0402_10%
C47,C_10u_X5R_16_0805_10%,BottomLayer,CAP_0805,"454,796","391,365",180,C_10u_X5R_16_0805_10%
R44,R_24k9_0402,BottomLayer,RES_0402,"331,776","316,282",90,R 24.9k 0402 1% 63mW
R38,R_20m_0603,BottomLayer,RES_0603,"281,776","320,965",90,Resistor 0.02 0603 1% 100mW
U17,"Current Monitor, 2.5V-20V, 1%",BottomLayer,SOT23-5,"306,776","320,615",180,CUR 2.5-20V SOT23-5
F1,F_500m_1206,BottomLayer,FUSE_1206,"254,526","301,365",0,F_500m_1206 PTC Resettable 500mA 0.4ohm 6V
C49,C_4u7_X5R_10_0603_10%,BottomLayer,CAP_0603,"301,026","297,215",0,C_4u7_X5R_10_0603_10%
R36,R_374k_0402,BottomLayer,RES_0402,"484,776","269,865",270,R 374k 0402 1% 63mW
R34,RES_0402,BottomLayer,RES_0402,"489,776","285,365",180,R 1M 0402 1% 63mW
D6,D_40_500m_SOD123,BottomLayer,SOD123,"438,526","211,365",270,D_40_500m_SOD123
L6,47uF_830m_3030_20%,TopLayer,IND-P1166NL,"469,403","240,002",0,L 47u 830mA 3030 20%
D2,D_40_500m_SOD123,TopLayer,SOD123,"471,026","289,615",0,D_40_500m_SOD123
R35,R_5k1_0402,BottomLayer,RES_0402,"496,276","250,615",90,R 5.1k 0402 1% 63mW
R33,R_30k_0402,BottomLayer,RES_0402,"507,026","250,615",270,R 30k 0402 1% 63mW
D4,D_40_500m_SOD123,BottomLayer,SOD123,"531,526","258,615",90,D_40_500m_SOD123
R30,R_DNP_0402,BottomLayer,RES_0402,"517,526","250,615",270,DO NOT POPULATE
R32,R_0_0603,TopLayer,RES_0603,"500,526","160,465",270,R 0 0603
R31,R_0_0603,BottomLayer,RES_0603,"531,526","296,115",270,R 0 0603
U15,BUCK 3.6-36V 600mA,BottomLayer,SOT23-6,"462,276","258,865",270,DC buck 3.6-36V 600mA
C45,C_10p_C0G_50_0402_5%,BottomLayer,CAP_0402,"489,776","295,615",180,C_10p_C0G_50_0402_5%
C44,C_100u_X5R_10_1210_20%,TopLayer,CAP_1210,"485,526","186,611",180,C_100u_X5R_10_1210_20%
C43,C_150n_X7R_16_0603_10%,BottomLayer,CAP_0603,"438,526","259,115",270,C_150n_X7R_16_0603_10%
C46,C_4u7_X5R_10_0603_10%,BottomLayer,CAP_0603,"484,776","250,365",90,C_4u7_X5R_10_0603_10%
C42,C_10u_X7S_50_1210_20%,BottomLayer,CAP_1210,"524,026","207,615",270,C_10u_X7S_50_1210_20%
C41,C_10u_X7S_50_1210_20%,BottomLayer,CAP_1210,"462,026","207,865",270,C_10u_X7S_50_1210_20%
C40,C_10u_X7S_50_1210_20%,BottomLayer,CAP_1210,"492,566","207,865",270,C_10u_X7S_50_1210_20%
-10,PAD_70m_50m,BottomLayer,PAD_70M_50M,"284,706","137,215",90,SMT pad rectangular
-9,PAD_70m_50m,BottomLayer,PAD_70M_50M,"259,296","137,215",90,SMT pad rectangular
D8,"Zener Diode, 15V, 1W, DI123, RoHS",BottomLayer,POWERDI,"456,776","163,865",180,DZ 15V 1W
D5,"Zener Diode, 15V, 1W, DI123, RoHS",BottomLayer,POWERDI,"501,651","163,865",180,DZ 15V 1W
D9,D_40_500m_SOD123,BottomLayer,SOD123,"460,026","135,215",180,D_40_500m_SOD123
D7,D_40_500m_SOD123,BottomLayer,SOD123,"405,026","135,215",0,D_40_500m_SOD123
D3,D_40_500m_SOD123,BottomLayer,SOD123,"460,026","116,215",0,D_40_500m_SOD123
D1,D_40_500m_SOD123,BottomLayer,SOD123,"404,776","116,215",180,D_40_500m_SOD123
R29,R_0_0603,BottomLayer,RES_0603,"504,776","143,215",0,R 0 0603
Y1,OSC 26MHz 2.5x2.0x0.7mm,TopLayer,NX2520SA,"369,276","761,115",180,OSC 26MHz 2.5x2.0x0.7mm
R28,R_56k_0402,TopLayer,RES_0402,"427,776","826,615",90,R 56k 0402 1% 63mW
FB5,Ferrite 100mA 1ohm,TopLayer,IND_0402,"352,475","794,113",270,Ferrite 100mA 1ohm 0402
FB4,Ferrite 100mA 1ohm,TopLayer,IND_0402,"362,475","794,113",270,Ferrite 100mA 1ohm 0402
FB3,Ferrite 100mA 1ohm,TopLayer,IND_0402,"383,026","826,865",270,Ferrite 100mA 1ohm 0402
FB2,Ferrite 100mA 1ohm,TopLayer,IND_0402,"393,026","826,865",270,Ferrite 100mA 1ohm 0402
FB1,Ferrite 100mA 1ohm,TopLayer,IND_0402,"403,026","826,865",270,Ferrite 100mA 1ohm 0402
R27,R_0_0402,TopLayer,RES_0402,"319,936","794,115",90,R ZERO OHM 0402
L1,Ferrite 250mA 1.1ohm,TopLayer,IND_0402,"296,954","794,115",90,Ferrite 250mA 1.1ohm 0402
L3,L_33n_0402_5%,TopLayer,IND_0402,"482,776","799,865",0,L 33nH 0402 5%
L5,L_18n_0402_5%,TopLayer,IND_0402,"455,526","783,615",0,L 18nH 0402 5%
L2,"47nF, 0402, 5%, RoHS",TopLayer,IND_0402,"455,526","805,615",0,L 47nH 0402 5%
U14,RF XCVR,TopLayer,QFN20,"419,776","792,616",0,RF XCVR QFN20
C37,C_100n_X7R_16_0402_10%,TopLayer,CAP_0402,"410,276","758,365",180,C_100n_X7R_16_0402_10%
C26,C_100n_X7R_16_0402_10%,TopLayer,CAP_0402,"437,606","826,615",90,C_100n_X7R_16_0402_10%
C28,C_100n_X7R_16_0402_10%,TopLayer,CAP_0402,"455,526","773,465",0,C_100n_X7R_16_0402_10%
C24,C_100n_X7R_16_0402_10%,TopLayer,CAP_0402,"417,776","826,615",90,C_100n_X7R_16_0402_10%
C39,C_15p_C0G_50_0402_5%,TopLayer,CAP_0402,"348,276","761,115",90,C_15p_C0G_50_0402_5%
C38,C_15p_C0G_50_0402_5%,TopLayer,CAP_0402,"390,276","761,115",270,C_15p_C0G_50_0402_5%
C35,C_100n_X7R_16_0402_10%,TopLayer,CAP_0402,"372,475","794,113",90,C_100n_X7R_16_0402_10%
C33,C_100n_X7R_16_0402_10%,TopLayer,CAP_0402,"386,525","790,115",180,C_100n_X7R_16_0402_10%
C23,C_1u_X5R_6V3_0402_20%,TopLayer,CAP_0402,"319,936","818,615",270,C_1u_X5R_6V3_0402_20%
C25,C_DNP_1210,TopLayer,CAP_1210,"555,776","806,615",90,C_DNP_1210
C27,C_220p_C0G_50_0402_5%,TopLayer,CAP_0402,"519,776","799,865",0,C_220p_C0G_50_0402_5%
C30,C_5p6_C0G_50_0402_10%,TopLayer,CAP_0402,"506,026","784,885",270,C_5p6_C0G_50_0402_10%
C31,8.2pF_C0G_50_0402_5%,TopLayer,CAP_0402,"487,776","784,885",270,C_8p2_C0G_50_0402_5%
C36,C_68p_C0G_50_0402_5%,TopLayer,CAP_0402,"468,776","778,465",270,C_68p_C0G_50_0402_5%
C29,C_1p_C0G_50_0402_5%,TopLayer,CAP_0402,"455,526","795,615",0,C_1p_C0G_50_0402_25%
R22,R_0_0603,TopLayer,RES_0603,"338,186","546,365",270,R 0 0603
R26,R_750_0805_0%1,TopLayer,RES_0805,"279,276","576,365",0,R 750 0805 0.1% 125mW
R25,R_100k_0805_0%1,TopLayer,RES_0805,"248,776","576,365",0,R 100k 0805 0.1% 125mW
R24,R_0_0603,TopLayer,RES_0603,"249,776","625,615",180,R 0 0603
R20,R_0_0603,TopLayer,RES_0603,"286,755","614,615",0,R 0 0603
R23,R_20_0805,TopLayer,RES_0805,"337,026","582,115",90,Resistor 20 0805 1% 125mW
R19,R_0_0603,TopLayer,RES_0603,"392,183","535,115",180,R 0 0603
U13,REF 2.048V 5uA,TopLayer,SOT23-3,"249,926","602,865",270,REF 2.048V 5uA SOT23-3
U12,"UHS Inverter,",TopLayer,SC70-5,"309,686","546,115",270,INV 1.65-5.5V SC70-5
U11,CMP 2.7-5.5V 40ns,TopLayer,SC70-5,"316,276","584,615",90,CMP 2.7-5.5V 40ns SC70-5
U9,Pin driver 15nS,TopLayer,SOIC8-N,"385,276","566,615",180,Pin driver 15nS SO8
C22,C_1n_C0G_50_0402_5%,TopLayer,CAP_0402,"279,276","590,615",0,C_1n_C0G_50_0402_5%
C21,C_1n_C0G_50_0402_5%,TopLayer,CAP_0402,"223,276","593,115",180,C_1n_C0G_50_0402_5%
C20,C_100n_X7R_16_0402_10%,TopLayer,CAP_0402,"226,776","607,310",270,C_100n_X7R_16_0402_10%
C18,C_100n_X7R_16_0402_10%,TopLayer,CAP_0402,"326,686","546,115",90,C_100n_X7R_16_0402_10%
C16,C_100n_X7R_16_0402_10%,TopLayer,CAP_0402,"299,276","589,865",270,C_100n_X7R_16_0402_10%
C15,C_100n_X7R_16_0402_10%,TopLayer,CAP_0402,"368,183","534,865",180,C_100n_X7R_16_0402_10%
R21,R_0_0603,TopLayer,RES_0603,"303,776","467,615",180,R 0 0603
R18,R_0_0603,TopLayer,RES_0603,"417,776","462,365",270,R 0 0603
U10,Pin driver 15nS,TopLayer,SOIC8-N,"297,119","502,115",180,Pin driver 15nS SO8
U8,Pin driver 15nS,TopLayer,SOIC8-N,"385,276","502,065",180,Pin driver 15nS SO8
C19,C_100n_X7R_16_0402_10%,TopLayer,CAP_0402,"287,776","535,615",0,C_100n_X7R_16_0402_10%
C17,C_4u7_X5R_25_0805_10%,TopLayer,CAP_0805,"277,776","467,615",180,C_4u7_X5R_25_0805_10%
C14,C_100n_X7R_16_0402_10%,TopLayer,CAP_0402,"342,026","514,815",270,C_100n_X7R_16_0402_10%
C13,C_4u7_X5R_25_0805_10%,TopLayer,CAP_0805,"394,183","467,815",0,C_4u7_X5R_25_0805_10%
R17,R_0_0402,TopLayer,RES_0402,"317,026","304,615",270,R 0 0402
R16,R_0_0603,TopLayer,RES_0603,"474,546","409,615",180,R 0 0603
R15,R_1k_0402,TopLayer,RES_0402,"282,776","332,115",270,R 1k 0402
U6,OSC ADJ 1.7-5.5V 5MHz,TopLayer,MSOP-8L,"260,776","317,115",270,OSC ADJ 1.7-5.5V 5MHz uSOP8
U7,CPLD 3.3V 10nS XPLA3,TopLayer,VQFP-44,"354,526","382,115",180,CPLD 3.3V 10nS XPLA3 QFP48
C12,C_100n_X7R_16_0402_10%,TopLayer,CAP_0402,"358,526","454,615",0,C_100n_X7R_16_0402_10%
C11,C_100n_X7R_16_0402_10%,TopLayer,CAP_0402,"282,526","378,115",90,C_100n_X7R_16_0402_10%
C10,C_100n_X7R_16_0402_10%,TopLayer,CAP_0402,"370,526","306,365",270,C_100n_X7R_16_0402_10%
C9,C_100n_X7R_16_0402_10%,TopLayer,CAP_0402,"426,526","411,115",90,C_100n_X7R_16_0402_10%
C8,C_4u7_X5R_10_0603_10%,TopLayer,CAP_0603,"282,776","310,115",270,C_4u7_X5R_10_0603_10%
R10,"7.5k ohm, 1%, 1/16W, 0402, RoHS",BottomLayer,RES_0402,"380,776","430,115",180,Resistor 7.5k 0402 0.1% 63mW
U1,ADC 16bit I2C,BottomLayer,SOT23-6,"369,776","560,115",90,ADC 16bit I2C SOT23-6
U2,REF 2.048V 5uA,BottomLayer,SOT23-3,"380,776","405,615",0,REF 2.048V 5uA SOT23-3
C2,C_1n_C0G_50_0402_5%,BottomLayer,CAP_0402,"390,276","382,365",270,C_1n_C0G_50_0402_5%
C4,C_100n_X7R_16_0402_10%,BottomLayer,CAP_0402,"371,276","382,365",270,C_100n_X7R_16_0402_10%
C5,C_1n_C0G_50_0402_5%,BottomLayer,CAP_0402,"390,026","559,865",90,C_1n_C0G_50_0402_5%
C1,C_100n_X7R_16_0402_10%,BottomLayer,CAP_0402,"374,526","586,365",0,C_100n_X7R_16_0402_10%
X42,HOLE_30m,TopLayer,FEEDHOLE_30MIL,"282,020","828,627",90,Hole 30mil
X32,HOLE_30m,TopLayer,FEEDHOLE_30MIL,"282,020","749,877",90,Hole 30mil
X31,HOLE_30m,TopLayer,FEEDHOLE_30MIL,"257,890","749,877",90,Hole 30mil
X12,HOLE_30m,TopLayer,FEEDHOLE_30MIL,"451,180","828,627",90,Hole 30mil
X11,HOLE_30m,TopLayer,FEEDHOLE_30MIL,"475,310","828,627",90,Hole 30mil
X4,HOLE_20m,TopLayer,FEEDHOLE_20MIL,"530,576","789,337",90,Hole for 10mil diameter feedthrough
X3,HOLE_20m,TopLayer,FEEDHOLE_20MIL,"233,760","749,877",90,Hole for 10mil diameter feedthrough
X1,HOLE_20m,TopLayer,FEEDHOLE_20MIL,"530,560","828,627",90,Hole for 10mil diameter feedthrough
R8,R_0_0402,TopLayer,RES_0402,"269,676","787,215",270,R ZERO OHM 0402
R7,R_0_0402,TopLayer,RES_0402,"245,676","787,215",270,R ZERO OHM 0402
R5,R_0_0402,TopLayer,RES_0402,"257,676","787,215",90,R ZERO OHM 0402
R6,R_0_0402,TopLayer,RES_0402,"281,676","787,215",90,R ZERO OHM 0402
R3,R_0_0402,TopLayer,RES_0402,"526,776","760,310",270,R ZERO OHM 0402
R4,R_0_0402,TopLayer,RES_0402,"490,776","760,310",270,R ZERO OHM 0402
R2,R_0_0402,TopLayer,RES_0402,"502,776","760,310",270,R ZERO OHM 0402
R1,R_0_0402,TopLayer,RES_0402,"514,776","760,310",270,R ZERO OHM 0402
L4,L_27n_0402_5%,TopLayer,IND_0402,"501,026","799,865",0,L 27nH 0402 5%
C32,C_3p9_C0G_50_0402_10%,TopLayer,CAP_0402,"468,776","794,865",90,C_3p9_C0G_50_0402_10%
R127,R_49k9_0402,TopLayer,RES_0402,"239,776","180,575",270,R 49.9k 0402 1% 63mW
H1,"0.1"",TopLayer""",HEADER36,"632,476","406,540",90,"0.1 Header""",
X5,HOLE_20m,TopLayer,FEEDHOLE_20MIL,"233,760","828,627",90,Hole for 10mil diameter feedthrough
